G21
G54
G21
G90
M3 S24000; Start Spindle
G4 P3
G0 Z5
G0 F1000 X50.3997 Y36.5929

G0 Z0
G1 F300 Z-1.0000; Plunge
 G1 F1000 X50.5513 Y36.5956 Z-1.0000 S24000
G1 F1000 X50.7225 Y36.6008 Z-1.0000 S24000
G1 F1000 X50.8930 Y36.6081 Z-1.0000 S24000
G1 F1000 X51.0498 Y36.6166 Z-1.0000 S24000
G1 F1000 X51.2152 Y36.6277 Z-1.0000 S24000
G1 F1000 X51.3769 Y36.6405 Z-1.0000 S24000
G1 F1000 X51.5394 Y36.6554 Z-1.0000 S24000
G1 F1000 X51.7053 Y36.6726 Z-1.0000 S24000
G1 F1000 X51.8658 Y36.6913 Z-1.0000 S24000
G1 F1000 X52.0317 Y36.7126 Z-1.0000 S24000
G1 F1000 X52.1926 Y36.7354 Z-1.0000 S24000
G1 F1000 X52.3613 Y36.7614 Z-1.0000 S24000
G1 F1000 X52.5165 Y36.7872 Z-1.0000 S24000
G1 F1000 X52.6795 Y36.8165 Z-1.0000 S24000
G1 F1000 X52.8405 Y36.8474 Z-1.0000 S24000
G1 F1000 X52.9969 Y36.8795 Z-1.0000 S24000
G1 F1000 X53.1614 Y36.9153 Z-1.0000 S24000
G1 F1000 X53.3248 Y36.9530 Z-1.0000 S24000
G1 F1000 X53.4776 Y36.9904 Z-1.0000 S24000
G1 F1000 X53.6419 Y37.0326 Z-1.0000 S24000
G1 F1000 X53.7982 Y37.0749 Z-1.0000 S24000
G1 F1000 X53.9549 Y37.1193 Z-1.0000 S24000
G1 F1000 X54.1128 Y37.1662 Z-1.0000 S24000
G1 F1000 X54.2741 Y37.2163 Z-1.0000 S24000
G1 F1000 X54.4240 Y37.2649 Z-1.0000 S24000
G1 F1000 X54.5823 Y37.3184 Z-1.0000 S24000
G1 F1000 X54.7310 Y37.3708 Z-1.0000 S24000
G1 F1000 X54.8913 Y37.4294 Z-1.0000 S24000
G1 F1000 X55.0450 Y37.4877 Z-1.0000 S24000
G1 F1000 X55.1940 Y37.5465 Z-1.0000 S24000
G1 F1000 X55.3502 Y37.6103 Z-1.0000 S24000
G1 F1000 X55.4972 Y37.6724 Z-1.0000 S24000
G1 F1000 X55.6495 Y37.7391 Z-1.0000 S24000
G1 F1000 X55.7980 Y37.8063 Z-1.0000 S24000
G1 F1000 X55.9464 Y37.8757 Z-1.0000 S24000
G1 F1000 X56.0979 Y37.9487 Z-1.0000 S24000
G1 F1000 X56.2459 Y38.0223 Z-1.0000 S24000
G1 F1000 X56.3842 Y38.0933 Z-1.0000 S24000
G1 F1000 X56.5377 Y38.1745 Z-1.0000 S24000
G1 F1000 X56.6773 Y38.2505 Z-1.0000 S24000
G1 F1000 X56.8245 Y38.3330 Z-1.0000 S24000
G1 F1000 X56.9635 Y38.4131 Z-1.0000 S24000
G1 F1000 X57.1032 Y38.4960 Z-1.0000 S24000
G1 F1000 X57.2413 Y38.5803 Z-1.0000 S24000
G1 F1000 X57.3891 Y38.6729 Z-1.0000 S24000
G1 F1000 X57.5195 Y38.7569 Z-1.0000 S24000
G1 F1000 X57.6604 Y38.8501 Z-1.0000 S24000
G1 F1000 X57.7963 Y38.9423 Z-1.0000 S24000
G1 F1000 X57.9306 Y39.0360 Z-1.0000 S24000
G1 F1000 X58.0621 Y39.1302 Z-1.0000 S24000
G1 F1000 X58.1994 Y39.2309 Z-1.0000 S24000
G1 F1000 X58.3242 Y39.3248 Z-1.0000 S24000
G1 F1000 X58.4563 Y39.4269 Z-1.0000 S24000
G1 F1000 X58.5939 Y39.5359 Z-1.0000 S24000
G1 F1000 X58.7101 Y39.6303 Z-1.0000 S24000
G1 F1000 X58.8409 Y39.7392 Z-1.0000 S24000
G1 F1000 X58.9651 Y39.8450 Z-1.0000 S24000
G1 F1000 X59.0904 Y39.9546 Z-1.0000 S24000
G1 F1000 X59.2116 Y40.0633 Z-1.0000 S24000
G1 F1000 X59.3338 Y40.1754 Z-1.0000 S24000
G1 F1000 X59.4512 Y40.2859 Z-1.0000 S24000
G1 F1000 X59.5721 Y40.4025 Z-1.0000 S24000
G1 F1000 X59.6880 Y40.5169 Z-1.0000 S24000
G1 F1000 X59.8017 Y40.6321 Z-1.0000 S24000
G1 F1000 X59.9194 Y40.7542 Z-1.0000 S24000
G1 F1000 X60.0314 Y40.8733 Z-1.0000 S24000
G1 F1000 X60.1399 Y40.9914 Z-1.0000 S24000
G1 F1000 X60.2516 Y41.1160 Z-1.0000 S24000
G1 F1000 X60.3600 Y41.2400 Z-1.0000 S24000
G1 F1000 X60.4615 Y41.3588 Z-1.0000 S24000
G1 F1000 X60.5714 Y41.4908 Z-1.0000 S24000
G1 F1000 X60.6723 Y41.6152 Z-1.0000 S24000
G1 F1000 X60.7780 Y41.7487 Z-1.0000 S24000
G1 F1000 X60.8803 Y41.8811 Z-1.0000 S24000
G1 F1000 X60.9708 Y42.0012 Z-1.0000 S24000
G1 F1000 X61.0765 Y42.1451 Z-1.0000 S24000
G1 F1000 X61.1695 Y42.2750 Z-1.0000 S24000
G1 F1000 X61.2616 Y42.4073 Z-1.0000 S24000
G1 F1000 X61.3551 Y42.5449 Z-1.0000 S24000
G1 F1000 X61.4463 Y42.6828 Z-1.0000 S24000
G1 F1000 X61.5367 Y42.8231 Z-1.0000 S24000
G1 F1000 X61.6214 Y42.9582 Z-1.0000 S24000
G1 F1000 X61.7080 Y43.1002 Z-1.0000 S24000
G1 F1000 X61.7914 Y43.2409 Z-1.0000 S24000
G1 F1000 X61.8719 Y43.3805 Z-1.0000 S24000
G1 F1000 X61.9542 Y43.5273 Z-1.0000 S24000
G1 F1000 X62.0323 Y43.6707 Z-1.0000 S24000
G1 F1000 X62.1117 Y43.8207 Z-1.0000 S24000
G1 F1000 X62.1838 Y43.9614 Z-1.0000 S24000
G1 F1000 X62.2550 Y44.1044 Z-1.0000 S24000
G1 F1000 X62.3293 Y44.2585 Z-1.0000 S24000
G1 F1000 X62.3987 Y44.4069 Z-1.0000 S24000
G1 F1000 X62.4659 Y44.5555 Z-1.0000 S24000
G1 F1000 X62.5312 Y44.7047 Z-1.0000 S24000
G1 F1000 X62.5954 Y44.8564 Z-1.0000 S24000
G1 F1000 X62.6587 Y45.0116 Z-1.0000 S24000
G1 F1000 X62.7172 Y45.1599 Z-1.0000 S24000
G1 F1000 X62.7757 Y45.3141 Z-1.0000 S24000
G1 F1000 X62.8339 Y45.4732 Z-1.0000 S24000
G1 F1000 X62.8857 Y45.6204 Z-1.0000 S24000
G1 F1000 X62.9399 Y45.7807 Z-1.0000 S24000
G1 F1000 X62.9894 Y45.9333 Z-1.0000 S24000
G1 F1000 X63.0387 Y46.0921 Z-1.0000 S24000
G1 F1000 X63.0851 Y46.2484 Z-1.0000 S24000
G1 F1000 X63.1310 Y46.4098 Z-1.0000 S24000
G1 F1000 X63.1718 Y46.5611 Z-1.0000 S24000
G1 F1000 X63.2136 Y46.7233 Z-1.0000 S24000
G1 F1000 X63.2531 Y46.8855 Z-1.0000 S24000
G1 F1000 X63.2905 Y47.0471 Z-1.0000 S24000
G1 F1000 X63.3236 Y47.1989 Z-1.0000 S24000
G1 F1000 X63.3573 Y47.3636 Z-1.0000 S24000
G1 F1000 X63.3902 Y47.5349 Z-1.0000 S24000
G1 F1000 X63.4169 Y47.6844 Z-1.0000 S24000
G1 F1000 X63.4439 Y47.8464 Z-1.0000 S24000
G1 F1000 X63.4695 Y48.0123 Z-1.0000 S24000
G1 F1000 X63.4921 Y48.1724 Z-1.0000 S24000
G1 F1000 X63.5137 Y48.3396 Z-1.0000 S24000
G1 F1000 X63.5323 Y48.4997 Z-1.0000 S24000
G1 F1000 X63.5497 Y48.6675 Z-1.0000 S24000
G1 F1000 X63.5644 Y48.8270 Z-1.0000 S24000
G1 F1000 X63.5770 Y48.9861 Z-1.0000 S24000
G1 F1000 X63.5882 Y49.1549 Z-1.0000 S24000
G1 F1000 X63.5971 Y49.3161 Z-1.0000 S24000
G1 F1000 X63.6042 Y49.4841 Z-1.0000 S24000
G1 F1000 X63.6093 Y49.6512 Z-1.0000 S24000
G1 F1000 X63.6120 Y49.8027 Z-1.0000 S24000
G1 F1000 X63.6131 Y49.9761 Z-1.0000 S24000
G1 F1000 X63.6120 Y50.1473 Z-1.0000 S24000
G1 F1000 X63.6093 Y50.3010 Z-1.0000 S24000
G1 F1000 X63.6042 Y50.4681 Z-1.0000 S24000
G1 F1000 X63.5971 Y50.6361 Z-1.0000 S24000
G1 F1000 X63.5882 Y50.7973 Z-1.0000 S24000
G1 F1000 X63.5770 Y50.9661 Z-1.0000 S24000
G1 F1000 X63.5644 Y51.1252 Z-1.0000 S24000
G1 F1000 X63.5497 Y51.2847 Z-1.0000 S24000
G1 F1000 X63.5323 Y51.4525 Z-1.0000 S24000
G1 F1000 X63.5137 Y51.6126 Z-1.0000 S24000
G1 F1000 X63.4921 Y51.7798 Z-1.0000 S24000
G1 F1000 X63.4695 Y51.9399 Z-1.0000 S24000
G1 F1000 X63.4435 Y52.1086 Z-1.0000 S24000
G1 F1000 X63.4177 Y52.2638 Z-1.0000 S24000
G1 F1000 X63.3888 Y52.4251 Z-1.0000 S24000
G1 F1000 X63.3571 Y52.5902 Z-1.0000 S24000
G1 F1000 X63.3251 Y52.7459 Z-1.0000 S24000
G1 F1000 X63.2916 Y52.8998 Z-1.0000 S24000
G1 F1000 X63.2518 Y53.0723 Z-1.0000 S24000
G1 F1000 X63.2162 Y53.2186 Z-1.0000 S24000
G1 F1000 X63.1718 Y53.3911 Z-1.0000 S24000
G1 F1000 X63.1310 Y53.5424 Z-1.0000 S24000
G1 F1000 X63.0851 Y53.7038 Z-1.0000 S24000
G1 F1000 X63.0387 Y53.8601 Z-1.0000 S24000
G1 F1000 X62.9886 Y54.0214 Z-1.0000 S24000
G1 F1000 X62.9400 Y54.1713 Z-1.0000 S24000
G1 F1000 X62.8865 Y54.3296 Z-1.0000 S24000
G1 F1000 X62.8353 Y54.4751 Z-1.0000 S24000
G1 F1000 X62.7755 Y54.6386 Z-1.0000 S24000
G1 F1000 X62.7172 Y54.7923 Z-1.0000 S24000
G1 F1000 X62.6584 Y54.9413 Z-1.0000 S24000
G1 F1000 X62.5946 Y55.0975 Z-1.0000 S24000
G1 F1000 X62.5325 Y55.2445 Z-1.0000 S24000
G1 F1000 X62.4658 Y55.3968 Z-1.0000 S24000
G1 F1000 X62.3986 Y55.5453 Z-1.0000 S24000
G1 F1000 X62.3292 Y55.6937 Z-1.0000 S24000
G1 F1000 X62.2562 Y55.8451 Z-1.0000 S24000
G1 F1000 X62.1840 Y55.9903 Z-1.0000 S24000
G1 F1000 X62.1074 Y56.1396 Z-1.0000 S24000
G1 F1000 X62.0344 Y56.2776 Z-1.0000 S24000
G1 F1000 X61.9542 Y56.4249 Z-1.0000 S24000
G1 F1000 X61.8719 Y56.5717 Z-1.0000 S24000
G1 F1000 X61.7914 Y56.7113 Z-1.0000 S24000
G1 F1000 X61.7080 Y56.8520 Z-1.0000 S24000
G1 F1000 X61.6207 Y56.9950 Z-1.0000 S24000
G1 F1000 X61.5377 Y57.1273 Z-1.0000 S24000
G1 F1000 X61.4462 Y57.2695 Z-1.0000 S24000
G1 F1000 X61.3548 Y57.4077 Z-1.0000 S24000
G1 F1000 X61.2626 Y57.5436 Z-1.0000 S24000
G1 F1000 X61.1689 Y57.6779 Z-1.0000 S24000
G1 F1000 X61.0747 Y57.8094 Z-1.0000 S24000
G1 F1000 X60.9743 Y57.9464 Z-1.0000 S24000
G1 F1000 X60.8825 Y58.0682 Z-1.0000 S24000
G1 F1000 X60.7780 Y58.2035 Z-1.0000 S24000
G1 F1000 X60.6725 Y58.3366 Z-1.0000 S24000
G1 F1000 X60.5713 Y58.4614 Z-1.0000 S24000
G1 F1000 X60.4636 Y58.5908 Z-1.0000 S24000
G1 F1000 X60.3609 Y58.7112 Z-1.0000 S24000
G1 F1000 X60.2537 Y58.8338 Z-1.0000 S24000
G1 F1000 X60.1393 Y58.9613 Z-1.0000 S24000
G1 F1000 X60.0295 Y59.0810 Z-1.0000 S24000
G1 F1000 X59.9194 Y59.1980 Z-1.0000 S24000
G1 F1000 X59.8017 Y59.3201 Z-1.0000 S24000
G1 F1000 X59.6880 Y59.4353 Z-1.0000 S24000
G1 F1000 X59.5740 Y59.5478 Z-1.0000 S24000
G1 F1000 X59.4507 Y59.6667 Z-1.0000 S24000
G1 F1000 X59.3337 Y59.7768 Z-1.0000 S24000
G1 F1000 X59.2144 Y59.8863 Z-1.0000 S24000
G1 F1000 X59.0904 Y59.9975 Z-1.0000 S24000
G1 F1000 X58.9620 Y60.1098 Z-1.0000 S24000
G1 F1000 X58.8435 Y60.2109 Z-1.0000 S24000
G1 F1000 X58.7141 Y60.3186 Z-1.0000 S24000
G1 F1000 X58.5893 Y60.4198 Z-1.0000 S24000
G1 F1000 X58.4562 Y60.5253 Z-1.0000 S24000
G1 F1000 X58.3238 Y60.6276 Z-1.0000 S24000
G1 F1000 X58.1991 Y60.7216 Z-1.0000 S24000
G1 F1000 X58.0621 Y60.8220 Z-1.0000 S24000
G1 F1000 X57.9315 Y60.9155 Z-1.0000 S24000
G1 F1000 X57.7966 Y61.0096 Z-1.0000 S24000
G1 F1000 X57.6604 Y61.1021 Z-1.0000 S24000
G1 F1000 X57.5232 Y61.1928 Z-1.0000 S24000
G1 F1000 X57.3800 Y61.2850 Z-1.0000 S24000
G1 F1000 X57.2498 Y61.3667 Z-1.0000 S24000
G1 F1000 X57.1061 Y61.4543 Z-1.0000 S24000
G1 F1000 X56.9631 Y61.5392 Z-1.0000 S24000
G1 F1000 X56.8223 Y61.6204 Z-1.0000 S24000
G1 F1000 X56.6773 Y61.7017 Z-1.0000 S24000
G1 F1000 X56.5377 Y61.7777 Z-1.0000 S24000
G1 F1000 X56.3874 Y61.8572 Z-1.0000 S24000
G1 F1000 X56.2430 Y61.9313 Z-1.0000 S24000
G1 F1000 X56.0978 Y62.0035 Z-1.0000 S24000
G1 F1000 X55.9464 Y62.0765 Z-1.0000 S24000
G1 F1000 X55.7980 Y62.1459 Z-1.0000 S24000
G1 F1000 X55.6495 Y62.2131 Z-1.0000 S24000
G1 F1000 X55.4972 Y62.2798 Z-1.0000 S24000
G1 F1000 X55.3502 Y62.3419 Z-1.0000 S24000
G1 F1000 X55.1940 Y62.4057 Z-1.0000 S24000
G1 F1000 X55.0450 Y62.4645 Z-1.0000 S24000
G1 F1000 X54.8916 Y62.5227 Z-1.0000 S24000
G1 F1000 X54.7323 Y62.5810 Z-1.0000 S24000
G1 F1000 X54.5823 Y62.6338 Z-1.0000 S24000
G1 F1000 X54.4240 Y62.6873 Z-1.0000 S24000
G1 F1000 X54.2741 Y62.7359 Z-1.0000 S24000
G1 F1000 X54.1128 Y62.7860 Z-1.0000 S24000
G1 F1000 X53.9565 Y62.8324 Z-1.0000 S24000
G1 F1000 X53.7951 Y62.8783 Z-1.0000 S24000
G1 F1000 X53.6438 Y62.9191 Z-1.0000 S24000
G1 F1000 X53.4778 Y62.9619 Z-1.0000 S24000
G1 F1000 X53.3250 Y62.9991 Z-1.0000 S24000
G1 F1000 X53.1614 Y63.0369 Z-1.0000 S24000
G1 F1000 X52.9969 Y63.0727 Z-1.0000 S24000
G1 F1000 X52.8405 Y63.1048 Z-1.0000 S24000
G1 F1000 X52.6795 Y63.1357 Z-1.0000 S24000
G1 F1000 X52.5165 Y63.1650 Z-1.0000 S24000
G1 F1000 X52.3613 Y63.1908 Z-1.0000 S24000
G1 F1000 X52.1926 Y63.2168 Z-1.0000 S24000
G1 F1000 X52.0325 Y63.2394 Z-1.0000 S24000
G1 F1000 X51.8653 Y63.2610 Z-1.0000 S24000
G1 F1000 X51.7052 Y63.2796 Z-1.0000 S24000
G1 F1000 X51.5394 Y63.2968 Z-1.0000 S24000
G1 F1000 X51.3769 Y63.3117 Z-1.0000 S24000
G1 F1000 X51.2152 Y63.3245 Z-1.0000 S24000
G1 F1000 X51.0498 Y63.3356 Z-1.0000 S24000
G1 F1000 X50.8930 Y63.3441 Z-1.0000 S24000
G1 F1000 X50.7225 Y63.3514 Z-1.0000 S24000
G1 F1000 X50.5513 Y63.3566 Z-1.0000 S24000
G1 F1000 X50.3997 Y63.3593 Z-1.0000 S24000
G1 F1000 X50.2288 Y63.3603 Z-1.0000 S24000
G1 F1000 X50.0577 Y63.3593 Z-1.0000 S24000
G1 F1000 X49.9056 Y63.3566 Z-1.0000 S24000
G1 F1000 X49.7342 Y63.3514 Z-1.0000 S24000
G1 F1000 X49.5681 Y63.3443 Z-1.0000 S24000
G1 F1000 X49.4029 Y63.3352 Z-1.0000 S24000
G1 F1000 X49.2484 Y63.3249 Z-1.0000 S24000
G1 F1000 X49.0777 Y63.3114 Z-1.0000 S24000
G1 F1000 X48.9096 Y63.2960 Z-1.0000 S24000
G1 F1000 X48.7498 Y63.2794 Z-1.0000 S24000
G1 F1000 X48.5913 Y63.2609 Z-1.0000 S24000
G1 F1000 X48.4226 Y63.2391 Z-1.0000 S24000
G1 F1000 X48.2622 Y63.2164 Z-1.0000 S24000
G1 F1000 X48.0961 Y63.1908 Z-1.0000 S24000
G1 F1000 X47.9391 Y63.1646 Z-1.0000 S24000
G1 F1000 X47.7790 Y63.1358 Z-1.0000 S24000
G1 F1000 X47.6084 Y63.1029 Z-1.0000 S24000
G1 F1000 X47.4517 Y63.0709 Z-1.0000 S24000
G1 F1000 X47.2983 Y63.0373 Z-1.0000 S24000
G1 F1000 X47.1330 Y62.9991 Z-1.0000 S24000
G1 F1000 X46.9720 Y62.9598 Z-1.0000 S24000
G1 F1000 X46.8117 Y62.9185 Z-1.0000 S24000
G1 F1000 X46.6576 Y62.8768 Z-1.0000 S24000
G1 F1000 X46.4976 Y62.8313 Z-1.0000 S24000
G1 F1000 X46.3379 Y62.7837 Z-1.0000 S24000
G1 F1000 X46.1827 Y62.7355 Z-1.0000 S24000
G1 F1000 X46.0268 Y62.6849 Z-1.0000 S24000
G1 F1000 X45.8713 Y62.6323 Z-1.0000 S24000
G1 F1000 X45.7124 Y62.5762 Z-1.0000 S24000
G1 F1000 X45.5617 Y62.5210 Z-1.0000 S24000
G1 F1000 X45.4091 Y62.4629 Z-1.0000 S24000
G1 F1000 X45.2565 Y62.4027 Z-1.0000 S24000
G1 F1000 X45.1042 Y62.3404 Z-1.0000 S24000
G1 F1000 X44.9496 Y62.2749 Z-1.0000 S24000
G1 F1000 X44.8001 Y62.2093 Z-1.0000 S24000
G1 F1000 X44.6500 Y62.1413 Z-1.0000 S24000
G1 F1000 X44.5046 Y62.0732 Z-1.0000 S24000
G1 F1000 X44.3541 Y62.0005 Z-1.0000 S24000
G1 F1000 X44.2116 Y61.9295 Z-1.0000 S24000
G1 F1000 X44.0610 Y61.8521 Z-1.0000 S24000
G1 F1000 X43.9100 Y61.7721 Z-1.0000 S24000
G1 F1000 X43.7769 Y61.6995 Z-1.0000 S24000
G1 F1000 X43.6249 Y61.6141 Z-1.0000 S24000
G1 F1000 X43.4860 Y61.5339 Z-1.0000 S24000
G1 F1000 X43.3488 Y61.4523 Z-1.0000 S24000
G1 F1000 X43.2027 Y61.3631 Z-1.0000 S24000
G1 F1000 X43.0643 Y61.2761 Z-1.0000 S24000
G1 F1000 X42.9260 Y61.1870 Z-1.0000 S24000
G1 F1000 X42.7905 Y61.0972 Z-1.0000 S24000
G1 F1000 X42.6548 Y61.0048 Z-1.0000 S24000
G1 F1000 X42.5176 Y60.9090 Z-1.0000 S24000
G1 F1000 X42.3821 Y60.8119 Z-1.0000 S24000
G1 F1000 X42.2529 Y60.7168 Z-1.0000 S24000
G1 F1000 X42.1226 Y60.6185 Z-1.0000 S24000
G1 F1000 X41.9917 Y60.5173 Z-1.0000 S24000
G1 F1000 X41.8614 Y60.4139 Z-1.0000 S24000
G1 F1000 X41.7375 Y60.3132 Z-1.0000 S24000
G1 F1000 X41.6075 Y60.2046 Z-1.0000 S24000
G1 F1000 X41.4805 Y60.0961 Z-1.0000 S24000
G1 F1000 X41.3589 Y59.9896 Z-1.0000 S24000
G1 F1000 X41.2401 Y59.8829 Z-1.0000 S24000
G1 F1000 X41.1132 Y59.7661 Z-1.0000 S24000
G1 F1000 X40.9972 Y59.6568 Z-1.0000 S24000
G1 F1000 X40.8845 Y59.5478 Z-1.0000 S24000
G1 F1000 X40.8327 Y59.4647 Z-1.0000 S24000
G1 F1000 X40.6466 Y59.2146 Z-1.0000 S24000
G1 F1000 X40.4400 Y58.9798 Z-1.0000 S24000
G1 F1000 X40.2166 Y58.7645 Z-1.0000 S24000
G1 F1000 X39.9894 Y58.5785 Z-1.0000 S24000
G1 F1000 X39.8920 Y58.4616 Z-1.0000 S24000
G1 F1000 X39.7862 Y58.3314 Z-1.0000 S24000
G1 F1000 X39.6891 Y58.2090 Z-1.0000 S24000
G1 F1000 X39.5861 Y58.0757 Z-1.0000 S24000
G1 F1000 X39.4876 Y57.9449 Z-1.0000 S24000
G1 F1000 X39.3865 Y57.8074 Z-1.0000 S24000
G1 F1000 X39.2967 Y57.6821 Z-1.0000 S24000
G1 F1000 X39.1990 Y57.5421 Z-1.0000 S24000
G1 F1000 X39.1078 Y57.4082 Z-1.0000 S24000
G1 F1000 X39.0185 Y57.2733 Z-1.0000 S24000
G1 F1000 X38.9245 Y57.1275 Z-1.0000 S24000
G1 F1000 X38.8429 Y56.9976 Z-1.0000 S24000
G1 F1000 X38.7521 Y56.8489 Z-1.0000 S24000
G1 F1000 X38.6708 Y56.7122 Z-1.0000 S24000
G1 F1000 X38.5874 Y56.5679 Z-1.0000 S24000
G1 F1000 X38.5083 Y56.4271 Z-1.0000 S24000
G1 F1000 X38.4272 Y56.2785 Z-1.0000 S24000
G1 F1000 X38.3530 Y56.1383 Z-1.0000 S24000
G1 F1000 X38.2767 Y55.9898 Z-1.0000 S24000
G1 F1000 X38.2056 Y55.8473 Z-1.0000 S24000
G1 F1000 X38.1327 Y55.6964 Z-1.0000 S24000
G1 F1000 X38.0583 Y55.5376 Z-1.0000 S24000
G1 F1000 X37.9969 Y55.4021 Z-1.0000 S24000
G1 F1000 X37.9288 Y55.2467 Z-1.0000 S24000
G1 F1000 X37.8654 Y55.0973 Z-1.0000 S24000
G1 F1000 X37.8007 Y54.9391 Z-1.0000 S24000
G1 F1000 X37.7421 Y54.7908 Z-1.0000 S24000
G1 F1000 X37.6836 Y54.6374 Z-1.0000 S24000
G1 F1000 X37.6277 Y54.4848 Z-1.0000 S24000
G1 F1000 X37.5732 Y54.3303 Z-1.0000 S24000
G1 F1000 X37.5207 Y54.1751 Z-1.0000 S24000
G1 F1000 X37.4677 Y54.0125 Z-1.0000 S24000
G1 F1000 X37.4202 Y53.8597 Z-1.0000 S24000
G1 F1000 X37.3743 Y53.7059 Z-1.0000 S24000
G1 F1000 X37.3289 Y53.5462 Z-1.0000 S24000
G1 F1000 X37.2858 Y53.3868 Z-1.0000 S24000
G1 F1000 X37.2458 Y53.2319 Z-1.0000 S24000
G1 F1000 X37.2057 Y53.0679 Z-1.0000 S24000
G1 F1000 X37.1682 Y52.9057 Z-1.0000 S24000
G1 F1000 X37.1341 Y52.7500 Z-1.0000 S24000
G1 F1000 X37.1015 Y52.5914 Z-1.0000 S24000
G1 F1000 X37.0690 Y52.4223 Z-1.0000 S24000
G1 F1000 X37.0410 Y52.2668 Z-1.0000 S24000
G1 F1000 X37.0137 Y52.1038 Z-1.0000 S24000
G1 F1000 X36.9887 Y51.9415 Z-1.0000 S24000
G1 F1000 X36.9657 Y51.7792 Z-1.0000 S24000
G1 F1000 X36.9443 Y51.6132 Z-1.0000 S24000
G1 F1000 X36.9255 Y51.4523 Z-1.0000 S24000
G1 F1000 X36.9088 Y51.2927 Z-1.0000 S24000
G1 F1000 X36.8935 Y51.1259 Z-1.0000 S24000
G1 F1000 X36.8798 Y50.9526 Z-1.0000 S24000
G1 F1000 X36.8696 Y50.8005 Z-1.0000 S24000
G1 F1000 X36.8606 Y50.6361 Z-1.0000 S24000
G1 F1000 X36.8535 Y50.4703 Z-1.0000 S24000
G1 F1000 X36.8483 Y50.2987 Z-1.0000 S24000
G1 F1000 X36.8456 Y50.1473 Z-1.0000 S24000
G1 F1000 X36.8445 Y49.9761 Z-1.0000 S24000
G1 F1000 X36.8456 Y49.8027 Z-1.0000 S24000
G1 F1000 X36.8482 Y49.6570 Z-1.0000 S24000
G1 F1000 X36.8483 Y49.6536 Z-1.0000 S24000
G1 F1000 X36.8536 Y49.4790 Z-1.0000 S24000
G1 F1000 X36.8604 Y49.3183 Z-1.0000 S24000
G1 F1000 X36.8694 Y49.1549 Z-1.0000 S24000
G1 F1000 X36.8806 Y48.9861 Z-1.0000 S24000
G1 F1000 X36.8932 Y48.8270 Z-1.0000 S24000
G1 F1000 X36.9079 Y48.6675 Z-1.0000 S24000
G1 F1000 X36.9253 Y48.4997 Z-1.0000 S24000
G1 F1000 X36.9439 Y48.3396 Z-1.0000 S24000
G1 F1000 X36.9655 Y48.1724 Z-1.0000 S24000
G1 F1000 X36.9881 Y48.0123 Z-1.0000 S24000
G1 F1000 X37.0137 Y47.8464 Z-1.0000 S24000
G1 F1000 X37.0407 Y47.6844 Z-1.0000 S24000
G1 F1000 X37.0674 Y47.5349 Z-1.0000 S24000
G1 F1000 X37.1003 Y47.3636 Z-1.0000 S24000
G1 F1000 X37.1350 Y47.1942 Z-1.0000 S24000
G1 F1000 X37.1659 Y47.0528 Z-1.0000 S24000
G1 F1000 X37.2049 Y46.8838 Z-1.0000 S24000
G1 F1000 X37.2440 Y46.7233 Z-1.0000 S24000
G1 F1000 X37.2858 Y46.5611 Z-1.0000 S24000
G1 F1000 X37.3266 Y46.4098 Z-1.0000 S24000
G1 F1000 X37.3725 Y46.2484 Z-1.0000 S24000
G1 F1000 X37.4189 Y46.0921 Z-1.0000 S24000
G1 F1000 X37.4682 Y45.9333 Z-1.0000 S24000
G1 F1000 X37.5177 Y45.7807 Z-1.0000 S24000
G1 F1000 X37.5719 Y45.6204 Z-1.0000 S24000
G1 F1000 X37.6237 Y45.4732 Z-1.0000 S24000
G1 F1000 X37.6819 Y45.3141 Z-1.0000 S24000
G1 F1000 X37.7404 Y45.1599 Z-1.0000 S24000
G1 F1000 X37.7989 Y45.0116 Z-1.0000 S24000
G1 F1000 X37.8622 Y44.8564 Z-1.0000 S24000
G1 F1000 X37.9264 Y44.7047 Z-1.0000 S24000
G1 F1000 X37.9911 Y44.5569 Z-1.0000 S24000
G1 F1000 X38.0604 Y44.4039 Z-1.0000 S24000
G1 F1000 X38.1276 Y44.2599 Z-1.0000 S24000
G1 F1000 X38.2026 Y44.1044 Z-1.0000 S24000
G1 F1000 X38.2738 Y43.9614 Z-1.0000 S24000
G1 F1000 X38.3459 Y43.8207 Z-1.0000 S24000
G1 F1000 X38.4253 Y43.6707 Z-1.0000 S24000
G1 F1000 X38.5034 Y43.5273 Z-1.0000 S24000
G1 F1000 X38.5857 Y43.3805 Z-1.0000 S24000
G1 F1000 X38.6662 Y43.2409 Z-1.0000 S24000
G1 F1000 X38.7496 Y43.1002 Z-1.0000 S24000
G1 F1000 X38.8362 Y42.9582 Z-1.0000 S24000
G1 F1000 X38.9209 Y42.8231 Z-1.0000 S24000
G1 F1000 X39.0113 Y42.6828 Z-1.0000 S24000
G1 F1000 X39.1025 Y42.5449 Z-1.0000 S24000
G1 F1000 X39.1950 Y42.4086 Z-1.0000 S24000
G1 F1000 X39.2887 Y42.2743 Z-1.0000 S24000
G1 F1000 X39.3829 Y42.1428 Z-1.0000 S24000
G1 F1000 X39.4868 Y42.0012 Z-1.0000 S24000
G1 F1000 X39.5773 Y41.8811 Z-1.0000 S24000
G1 F1000 X39.6796 Y41.7487 Z-1.0000 S24000
G1 F1000 X39.7853 Y41.6152 Z-1.0000 S24000
G1 F1000 X39.8862 Y41.4908 Z-1.0000 S24000
G1 F1000 X39.9961 Y41.3588 Z-1.0000 S24000
G1 F1000 X40.0976 Y41.2400 Z-1.0000 S24000
G1 F1000 X40.2060 Y41.1160 Z-1.0000 S24000
G1 F1000 X40.3177 Y40.9914 Z-1.0000 S24000
G1 F1000 X40.4262 Y40.8733 Z-1.0000 S24000
G1 F1000 X40.5382 Y40.7542 Z-1.0000 S24000
G1 F1000 X40.6559 Y40.6321 Z-1.0000 S24000
G1 F1000 X40.7696 Y40.5169 Z-1.0000 S24000
G1 F1000 X40.8855 Y40.4025 Z-1.0000 S24000
G1 F1000 X41.0064 Y40.2859 Z-1.0000 S24000
G1 F1000 X41.1238 Y40.1754 Z-1.0000 S24000
G1 F1000 X41.2460 Y40.0633 Z-1.0000 S24000
G1 F1000 X41.3687 Y39.9533 Z-1.0000 S24000
G1 F1000 X41.4937 Y39.8440 Z-1.0000 S24000
G1 F1000 X41.6141 Y39.7413 Z-1.0000 S24000
G1 F1000 X41.7475 Y39.6303 Z-1.0000 S24000
G1 F1000 X41.8637 Y39.5359 Z-1.0000 S24000
G1 F1000 X42.0013 Y39.4269 Z-1.0000 S24000
G1 F1000 X42.1334 Y39.3248 Z-1.0000 S24000
G1 F1000 X42.2582 Y39.2309 Z-1.0000 S24000
G1 F1000 X42.3955 Y39.1302 Z-1.0000 S24000
G1 F1000 X42.5270 Y39.0360 Z-1.0000 S24000
G1 F1000 X42.6613 Y38.9423 Z-1.0000 S24000
G1 F1000 X42.7972 Y38.8501 Z-1.0000 S24000
G1 F1000 X42.9381 Y38.7569 Z-1.0000 S24000
G1 F1000 X43.0685 Y38.6729 Z-1.0000 S24000
G1 F1000 X43.2163 Y38.5803 Z-1.0000 S24000
G1 F1000 X43.3544 Y38.4960 Z-1.0000 S24000
G1 F1000 X43.4941 Y38.4131 Z-1.0000 S24000
G1 F1000 X43.6331 Y38.3330 Z-1.0000 S24000
G1 F1000 X43.7803 Y38.2505 Z-1.0000 S24000
G1 F1000 X43.9199 Y38.1745 Z-1.0000 S24000
G1 F1000 X44.0734 Y38.0933 Z-1.0000 S24000
G1 F1000 X44.2117 Y38.0223 Z-1.0000 S24000
G1 F1000 X44.3597 Y37.9487 Z-1.0000 S24000
G1 F1000 X44.5112 Y37.8757 Z-1.0000 S24000
G1 F1000 X44.6596 Y37.8063 Z-1.0000 S24000
G1 F1000 X44.8081 Y37.7391 Z-1.0000 S24000
G1 F1000 X44.9604 Y37.6724 Z-1.0000 S24000
G1 F1000 X45.1074 Y37.6103 Z-1.0000 S24000
G1 F1000 X45.2636 Y37.5465 Z-1.0000 S24000
G1 F1000 X45.4126 Y37.4877 Z-1.0000 S24000
G1 F1000 X45.5663 Y37.4294 Z-1.0000 S24000
G1 F1000 X45.7266 Y37.3708 Z-1.0000 S24000
G1 F1000 X45.8753 Y37.3184 Z-1.0000 S24000
G1 F1000 X46.0336 Y37.2649 Z-1.0000 S24000
G1 F1000 X46.1835 Y37.2163 Z-1.0000 S24000
G1 F1000 X46.3448 Y37.1662 Z-1.0000 S24000
G1 F1000 X46.5027 Y37.1193 Z-1.0000 S24000
G1 F1000 X46.6594 Y37.0749 Z-1.0000 S24000
G1 F1000 X46.8157 Y37.0326 Z-1.0000 S24000
G1 F1000 X46.9800 Y36.9904 Z-1.0000 S24000
G1 F1000 X47.1328 Y36.9530 Z-1.0000 S24000
G1 F1000 X47.2962 Y36.9153 Z-1.0000 S24000
G1 F1000 X47.4607 Y36.8795 Z-1.0000 S24000
G1 F1000 X47.6171 Y36.8474 Z-1.0000 S24000
G1 F1000 X47.7781 Y36.8165 Z-1.0000 S24000
G1 F1000 X47.9411 Y36.7872 Z-1.0000 S24000
G1 F1000 X48.0963 Y36.7614 Z-1.0000 S24000
G1 F1000 X48.2650 Y36.7354 Z-1.0000 S24000
G1 F1000 X48.4259 Y36.7126 Z-1.0000 S24000
G1 F1000 X48.5918 Y36.6913 Z-1.0000 S24000
G1 F1000 X48.7523 Y36.6726 Z-1.0000 S24000
G1 F1000 X48.9182 Y36.6554 Z-1.0000 S24000
G1 F1000 X49.0807 Y36.6405 Z-1.0000 S24000
G1 F1000 X49.2424 Y36.6277 Z-1.0000 S24000
G1 F1000 X49.4078 Y36.6166 Z-1.0000 S24000
G1 F1000 X49.5646 Y36.6081 Z-1.0000 S24000
G1 F1000 X49.7351 Y36.6008 Z-1.0000 S24000
G1 F1000 X49.9063 Y36.5956 Z-1.0000 S24000
G1 F1000 X50.0579 Y36.5929 Z-1.0000 S24000
G1 F1000 X50.2288 Y36.5919 Z-1.0000 S24000
G1 F1000 X50.3997 Y36.5929 Z-1.0000 S24000

G0 Z5; move to z-safe height
G0 X68.3934 Y62.9277

G0 Z0
G1 F300 Z-1.0000; Plunge
 G1 F1000 X68.3000 Y63.0575 Z-1.0000 S24000
G1 F1000 X68.1987 Y63.1960 Z-1.0000 S24000
G1 F1000 X68.0967 Y63.3333 Z-1.0000 S24000
G1 F1000 X67.9875 Y63.4778 Z-1.0000 S24000
G1 F1000 X67.8851 Y63.6112 Z-1.0000 S24000
G1 F1000 X67.7839 Y63.7411 Z-1.0000 S24000
G1 F1000 X67.6776 Y63.8753 Z-1.0000 S24000
G1 F1000 X67.5640 Y64.0164 Z-1.0000 S24000
G1 F1000 X67.4574 Y64.1471 Z-1.0000 S24000
G1 F1000 X67.3521 Y64.2739 Z-1.0000 S24000
G1 F1000 X67.2375 Y64.4099 Z-1.0000 S24000
G1 F1000 X67.1226 Y64.5442 Z-1.0000 S24000
G1 F1000 X67.0184 Y64.6641 Z-1.0000 S24000
G1 F1000 X66.9043 Y64.7933 Z-1.0000 S24000
G1 F1000 X66.7829 Y64.9289 Z-1.0000 S24000
G1 F1000 X66.6749 Y65.0475 Z-1.0000 S24000
G1 F1000 X66.5591 Y65.1729 Z-1.0000 S24000
G1 F1000 X66.4337 Y65.3065 Z-1.0000 S24000
G1 F1000 X66.3164 Y65.4296 Z-1.0000 S24000
G1 F1000 X66.1980 Y65.5521 Z-1.0000 S24000
G1 F1000 X66.0842 Y65.6679 Z-1.0000 S24000
G1 F1000 X65.9551 Y65.7974 Z-1.0000 S24000
G1 F1000 X65.8356 Y65.9154 Z-1.0000 S24000
G1 F1000 X65.7185 Y66.0293 Z-1.0000 S24000
G1 F1000 X65.5861 Y66.1562 Z-1.0000 S24000
G1 F1000 X65.4705 Y66.2653 Z-1.0000 S24000
G1 F1000 X65.3406 Y66.3860 Z-1.0000 S24000
G1 F1000 X65.2132 Y66.5026 Z-1.0000 S24000
G1 F1000 X65.0908 Y66.6130 Z-1.0000 S24000
G1 F1000 X64.9552 Y66.7334 Z-1.0000 S24000
G1 F1000 X64.8345 Y66.8390 Z-1.0000 S24000
G1 F1000 X64.6997 Y66.9550 Z-1.0000 S24000
G1 F1000 X64.5644 Y67.0697 Z-1.0000 S24000
G1 F1000 X64.4420 Y67.1718 Z-1.0000 S24000
G1 F1000 X64.3012 Y67.2875 Z-1.0000 S24000
G1 F1000 X64.1714 Y67.3926 Z-1.0000 S24000
G1 F1000 X64.0337 Y67.5023 Z-1.0000 S24000
G1 F1000 X63.9080 Y67.6009 Z-1.0000 S24000
G1 F1000 X63.7725 Y67.7055 Z-1.0000 S24000
G1 F1000 X63.6264 Y67.8165 Z-1.0000 S24000
G1 F1000 X63.4989 Y67.9119 Z-1.0000 S24000
G1 F1000 X63.3527 Y68.0195 Z-1.0000 S24000
G1 F1000 X63.2183 Y68.1169 Z-1.0000 S24000
G1 F1000 X63.0785 Y68.2165 Z-1.0000 S24000
G1 F1000 X62.9322 Y68.3192 Z-1.0000 S24000
G1 F1000 X62.8014 Y68.4095 Z-1.0000 S24000
G1 F1000 X62.6547 Y68.5091 Z-1.0000 S24000
G1 F1000 X62.5101 Y68.6057 Z-1.0000 S24000
G1 F1000 X62.3744 Y68.6948 Z-1.0000 S24000
G1 F1000 X62.2236 Y68.7922 Z-1.0000 S24000
G1 F1000 X62.0854 Y68.8799 Z-1.0000 S24000
G1 F1000 X61.9309 Y68.9764 Z-1.0000 S24000
G1 F1000 X61.7909 Y69.0623 Z-1.0000 S24000
G1 F1000 X61.6388 Y69.1541 Z-1.0000 S24000
G1 F1000 X61.5007 Y69.2360 Z-1.0000 S24000
G1 F1000 X61.3527 Y69.3222 Z-1.0000 S24000
G1 F1000 X61.1935 Y69.4133 Z-1.0000 S24000
G1 F1000 X61.0460 Y69.4962 Z-1.0000 S24000
G1 F1000 X60.9053 Y69.5740 Z-1.0000 S24000
G1 F1000 X60.7542 Y69.6559 Z-1.0000 S24000
G1 F1000 X60.5923 Y69.7421 Z-1.0000 S24000
G1 F1000 X60.4426 Y69.8202 Z-1.0000 S24000
G1 F1000 X60.2991 Y69.8938 Z-1.0000 S24000
G1 F1000 X60.1378 Y69.9750 Z-1.0000 S24000
G1 F1000 X59.9896 Y70.0480 Z-1.0000 S24000
G1 F1000 X59.8311 Y70.1248 Z-1.0000 S24000
G1 F1000 X59.6741 Y70.1993 Z-1.0000 S24000
G1 F1000 X59.5238 Y70.2690 Z-1.0000 S24000
G1 F1000 X59.3671 Y70.3405 Z-1.0000 S24000
G1 F1000 X59.2172 Y70.4074 Z-1.0000 S24000
G1 F1000 X59.0491 Y70.4808 Z-1.0000 S24000
G1 F1000 X58.9023 Y70.5437 Z-1.0000 S24000
G1 F1000 X58.7338 Y70.6143 Z-1.0000 S24000
G1 F1000 X58.5814 Y70.6767 Z-1.0000 S24000
G1 F1000 X58.4276 Y70.7384 Z-1.0000 S24000
G1 F1000 X58.2568 Y70.8053 Z-1.0000 S24000
G1 F1000 X58.1080 Y70.8623 Z-1.0000 S24000
G1 F1000 X57.9362 Y70.9266 Z-1.0000 S24000
G1 F1000 X57.7821 Y70.9829 Z-1.0000 S24000
G1 F1000 X57.6216 Y71.0401 Z-1.0000 S24000
G1 F1000 X57.4599 Y71.0964 Z-1.0000 S24000
G1 F1000 X57.3020 Y71.1499 Z-1.0000 S24000
G1 F1000 X57.1291 Y71.2071 Z-1.0000 S24000
G1 F1000 X56.9718 Y71.2577 Z-1.0000 S24000
G1 F1000 X56.8073 Y71.3093 Z-1.0000 S24000
G1 F1000 X56.6427 Y71.3595 Z-1.0000 S24000
G1 F1000 X56.4770 Y71.4087 Z-1.0000 S24000
G1 F1000 X56.3215 Y71.4535 Z-1.0000 S24000
G1 F1000 X56.1494 Y71.5016 Z-1.0000 S24000
G1 F1000 X55.9868 Y71.5457 Z-1.0000 S24000
G1 F1000 X55.8220 Y71.5891 Z-1.0000 S24000
G1 F1000 X55.6496 Y71.6330 Z-1.0000 S24000
G1 F1000 X55.4882 Y71.6729 Z-1.0000 S24000
G1 F1000 X55.3274 Y71.7112 Z-1.0000 S24000
G1 F1000 X55.1532 Y71.7513 Z-1.0000 S24000
G1 F1000 X54.9824 Y71.7892 Z-1.0000 S24000
G1 F1000 X54.8178 Y71.8245 Z-1.0000 S24000
G1 F1000 X54.6549 Y71.8580 Z-1.0000 S24000
G1 F1000 X54.4882 Y71.8910 Z-1.0000 S24000
G1 F1000 X54.3185 Y71.9233 Z-1.0000 S24000
G1 F1000 X54.1461 Y71.9546 Z-1.0000 S24000
G1 F1000 X53.9743 Y71.9845 Z-1.0000 S24000
G1 F1000 X53.8157 Y72.0109 Z-1.0000 S24000
G1 F1000 X53.6379 Y72.0389 Z-1.0000 S24000
G1 F1000 X53.4747 Y72.0634 Z-1.0000 S24000
G1 F1000 X53.3063 Y72.0874 Z-1.0000 S24000
G1 F1000 X53.1386 Y72.1099 Z-1.0000 S24000
G1 F1000 X52.9623 Y72.1323 Z-1.0000 S24000
G1 F1000 X52.7876 Y72.1530 Z-1.0000 S24000
G1 F1000 X52.6287 Y72.1706 Z-1.0000 S24000
G1 F1000 X52.4462 Y72.1895 Z-1.0000 S24000
G1 F1000 X52.2887 Y72.2045 Z-1.0000 S24000
G1 F1000 X52.1058 Y72.2205 Z-1.0000 S24000
G1 F1000 X51.9418 Y72.2337 Z-1.0000 S24000
G1 F1000 X51.7677 Y72.2463 Z-1.0000 S24000
G1 F1000 X51.6006 Y72.2570 Z-1.0000 S24000
G1 F1000 X51.4290 Y72.2669 Z-1.0000 S24000
G1 F1000 X51.2553 Y72.2754 Z-1.0000 S24000
G1 F1000 X51.0861 Y72.2825 Z-1.0000 S24000
G1 F1000 X50.9090 Y72.2885 Z-1.0000 S24000
G1 F1000 X50.7440 Y72.2929 Z-1.0000 S24000
G1 F1000 X50.5764 Y72.2960 Z-1.0000 S24000
G1 F1000 X50.4012 Y72.2980 Z-1.0000 S24000
G1 F1000 X50.2288 Y72.2987 Z-1.0000 S24000
G1 F1000 X50.0570 Y72.2980 Z-1.0000 S24000
G1 F1000 X49.8853 Y72.2960 Z-1.0000 S24000
G1 F1000 X49.7133 Y72.2928 Z-1.0000 S24000
G1 F1000 X49.5506 Y72.2884 Z-1.0000 S24000
G1 F1000 X49.3734 Y72.2824 Z-1.0000 S24000
G1 F1000 X49.1977 Y72.2750 Z-1.0000 S24000
G1 F1000 X49.0392 Y72.2671 Z-1.0000 S24000
G1 F1000 X48.8565 Y72.2566 Z-1.0000 S24000
G1 F1000 X48.6974 Y72.2462 Z-1.0000 S24000
G1 F1000 X48.5253 Y72.2337 Z-1.0000 S24000
G1 F1000 X48.3452 Y72.2192 Z-1.0000 S24000
G1 F1000 X48.1807 Y72.2047 Z-1.0000 S24000
G1 F1000 X48.0174 Y72.1889 Z-1.0000 S24000
G1 F1000 X47.8410 Y72.1706 Z-1.0000 S24000
G1 F1000 X47.6711 Y72.1516 Z-1.0000 S24000
G1 F1000 X47.5007 Y72.1313 Z-1.0000 S24000
G1 F1000 X47.3323 Y72.1099 Z-1.0000 S24000
G1 F1000 X47.1607 Y72.0867 Z-1.0000 S24000
G1 F1000 X46.9942 Y72.0629 Z-1.0000 S24000
G1 F1000 X46.8313 Y72.0383 Z-1.0000 S24000
G1 F1000 X46.6526 Y72.0099 Z-1.0000 S24000
G1 F1000 X46.4859 Y71.9822 Z-1.0000 S24000
G1 F1000 X46.3176 Y71.9527 Z-1.0000 S24000
G1 F1000 X46.1502 Y71.9221 Z-1.0000 S24000
G1 F1000 X45.9898 Y71.8916 Z-1.0000 S24000
G1 F1000 X45.8114 Y71.8563 Z-1.0000 S24000
G1 F1000 X45.6543 Y71.8238 Z-1.0000 S24000
G1 F1000 X45.6543 Y71.8237 Z-1.0000 S24000
G1 F1000 X45.4753 Y71.7854 Z-1.0000 S24000
G1 F1000 X45.3160 Y71.7500 Z-1.0000 S24000
G1 F1000 X45.1470 Y71.7110 Z-1.0000 S24000
G1 F1000 X44.9879 Y71.6729 Z-1.0000 S24000
G1 F1000 X44.8154 Y71.6304 Z-1.0000 S24000
G1 F1000 X44.6499 Y71.5881 Z-1.0000 S24000
G1 F1000 X44.4880 Y71.5456 Z-1.0000 S24000
G1 F1000 X44.3155 Y71.4987 Z-1.0000 S24000
G1 F1000 X44.1604 Y71.4554 Z-1.0000 S24000
G1 F1000 X43.9959 Y71.4080 Z-1.0000 S24000
G1 F1000 X43.8275 Y71.3582 Z-1.0000 S24000
G1 F1000 X43.6690 Y71.3099 Z-1.0000 S24000
G1 F1000 X43.4962 Y71.2558 Z-1.0000 S24000
G1 F1000 X43.3334 Y71.2035 Z-1.0000 S24000
G1 F1000 X42.8369 Y71.1273 Z-1.0000 S24000
G1 F1000 X42.3413 Y71.2102 Z-1.0000 S24000
G1 F1000 X41.8965 Y71.4437 Z-1.0000 S24000
G1 F1000 X41.5470 Y71.8046 Z-1.0000 S24000
G1 F1000 X41.2941 Y72.3878 Z-1.0000 S24000
G1 F1000 X39.6832 Y80.0401 Z-1.0000 S24000
G1 F1000 X39.6622 Y80.1236 Z-1.0000 S24000
G1 F1000 X39.6451 Y80.1734 Z-1.0000 S24000
G1 F1000 X39.6237 Y80.2224 Z-1.0000 S24000
G1 F1000 X39.5986 Y80.2688 Z-1.0000 S24000
G1 F1000 X39.5705 Y80.3117 Z-1.0000 S24000
G1 F1000 X39.5375 Y80.3541 Z-1.0000 S24000
G1 F1000 X39.5023 Y80.3921 Z-1.0000 S24000
G1 F1000 X39.4627 Y80.4285 Z-1.0000 S24000
G1 F1000 X39.4205 Y80.4612 Z-1.0000 S24000
G1 F1000 X39.3751 Y80.4908 Z-1.0000 S24000
G1 F1000 X39.3278 Y80.5163 Z-1.0000 S24000
G1 F1000 X39.2786 Y80.5378 Z-1.0000 S24000
G1 F1000 X39.2285 Y80.5550 Z-1.0000 S24000
G1 F1000 X39.1768 Y80.5680 Z-1.0000 S24000
G1 F1000 X39.1247 Y80.5766 Z-1.0000 S24000
G1 F1000 X39.0722 Y80.5809 Z-1.0000 S24000
G1 F1000 X39.0180 Y80.5808 Z-1.0000 S24000
G1 F1000 X38.9636 Y80.5762 Z-1.0000 S24000
G1 F1000 X38.9095 Y80.5672 Z-1.0000 S24000
G1 F1000 X38.8574 Y80.5540 Z-1.0000 S24000
G1 F1000 X38.8064 Y80.5365 Z-1.0000 S24000
G1 F1000 X38.7588 Y80.5157 Z-1.0000 S24000
G1 F1000 X38.7122 Y80.4905 Z-1.0000 S24000
G1 F1000 X38.6690 Y80.4622 Z-1.0000 S24000
G1 F1000 X38.6261 Y80.4287 Z-1.0000 S24000
G1 F1000 X38.5879 Y80.3934 Z-1.0000 S24000
G1 F1000 X38.5521 Y80.3544 Z-1.0000 S24000
G1 F1000 X38.5187 Y80.3113 Z-1.0000 S24000
G1 F1000 X38.4884 Y80.2648 Z-1.0000 S24000
G1 F1000 X38.4629 Y80.2177 Z-1.0000 S24000
G1 F1000 X38.4415 Y80.1690 Z-1.0000 S24000
G1 F1000 X38.4242 Y80.1186 Z-1.0000 S24000
G1 F1000 X38.4111 Y80.0667 Z-1.0000 S24000
G1 F1000 X38.4027 Y80.0160 Z-1.0000 S24000
G1 F1000 X38.3983 Y79.9629 Z-1.0000 S24000
G1 F1000 X38.3985 Y79.9100 Z-1.0000 S24000
G1 F1000 X38.4030 Y79.8568 Z-1.0000 S24000
G1 F1000 X38.4172 Y79.7725 Z-1.0000 S24000
G1 F1000 X40.2173 Y71.2212 Z-1.0000 S24000
G1 F1000 X40.2416 Y70.7194 Z-1.0000 S24000
G1 F1000 X40.1080 Y70.2351 Z-1.0000 S24000
G1 F1000 X39.8297 Y69.8168 Z-1.0000 S24000
G1 F1000 X39.4403 Y69.5096 Z-1.0000 S24000
G1 F1000 X39.2959 Y69.4286 Z-1.0000 S24000
G1 F1000 X39.1458 Y69.3429 Z-1.0000 S24000
G1 F1000 X38.9991 Y69.2578 Z-1.0000 S24000
G1 F1000 X38.8594 Y69.1753 Z-1.0000 S24000
G1 F1000 X38.7253 Y69.0947 Z-1.0000 S24000
G1 F1000 X38.5826 Y69.0075 Z-1.0000 S24000
G1 F1000 X38.4342 Y68.9152 Z-1.0000 S24000
G1 F1000 X38.2978 Y68.8291 Z-1.0000 S24000
G1 F1000 X38.1589 Y68.7398 Z-1.0000 S24000
G1 F1000 X38.0208 Y68.6498 Z-1.0000 S24000
G1 F1000 X37.8778 Y68.5550 Z-1.0000 S24000
G1 F1000 X37.7456 Y68.4660 Z-1.0000 S24000
G1 F1000 X37.6074 Y68.3715 Z-1.0000 S24000
G1 F1000 X37.4666 Y68.2738 Z-1.0000 S24000
G1 F1000 X37.0137 Y68.0564 Z-1.0000 S24000
G1 F1000 X36.5156 Y67.9914 Z-1.0000 S24000
G1 F1000 X36.0220 Y68.0853 Z-1.0000 S24000
G1 F1000 X35.4072 Y68.4887 Z-1.0000 S24000
G1 F1000 X26.5285 Y77.8978 Z-1.0000 S24000
G1 F1000 X26.4662 Y77.9586 Z-1.0000 S24000
G1 F1000 X26.4245 Y77.9930 Z-1.0000 S24000
G1 F1000 X26.3822 Y78.0225 Z-1.0000 S24000
G1 F1000 X26.3355 Y78.0495 Z-1.0000 S24000
G1 F1000 X26.2881 Y78.0719 Z-1.0000 S24000
G1 F1000 X26.2398 Y78.0900 Z-1.0000 S24000
G1 F1000 X26.1872 Y78.1049 Z-1.0000 S24000
G1 F1000 X26.1348 Y78.1152 Z-1.0000 S24000
G1 F1000 X26.0805 Y78.1212 Z-1.0000 S24000
G1 F1000 X26.0269 Y78.1228 Z-1.0000 S24000
G1 F1000 X25.9718 Y78.1198 Z-1.0000 S24000
G1 F1000 X25.9190 Y78.1127 Z-1.0000 S24000
G1 F1000 X25.8673 Y78.1012 Z-1.0000 S24000
G1 F1000 X25.8156 Y78.0852 Z-1.0000 S24000
G1 F1000 X25.7677 Y78.0659 Z-1.0000 S24000
G1 F1000 X25.7205 Y78.0421 Z-1.0000 S24000
G1 F1000 X25.6758 Y78.0146 Z-1.0000 S24000
G1 F1000 X25.6324 Y77.9828 Z-1.0000 S24000
G1 F1000 X25.5918 Y77.9475 Z-1.0000 S24000
G1 F1000 X25.5531 Y77.9079 Z-1.0000 S24000
G1 F1000 X25.5188 Y77.8664 Z-1.0000 S24000
G1 F1000 X25.4889 Y77.8235 Z-1.0000 S24000
G1 F1000 X25.4626 Y77.7783 Z-1.0000 S24000
G1 F1000 X25.4403 Y77.7311 Z-1.0000 S24000
G1 F1000 X25.4219 Y77.6820 Z-1.0000 S24000
G1 F1000 X25.4069 Y77.6293 Z-1.0000 S24000
G1 F1000 X25.3968 Y77.5776 Z-1.0000 S24000
G1 F1000 X25.3907 Y77.5231 Z-1.0000 S24000
G1 F1000 X25.3892 Y77.4705 Z-1.0000 S24000
G1 F1000 X25.3921 Y77.4151 Z-1.0000 S24000
G1 F1000 X25.3994 Y77.3622 Z-1.0000 S24000
G1 F1000 X25.4108 Y77.3107 Z-1.0000 S24000
G1 F1000 X25.4268 Y77.2589 Z-1.0000 S24000
G1 F1000 X25.4462 Y77.2110 Z-1.0000 S24000
G1 F1000 X25.4697 Y77.1645 Z-1.0000 S24000
G1 F1000 X25.4978 Y77.1187 Z-1.0000 S24000
G1 F1000 X25.5293 Y77.0757 Z-1.0000 S24000
G1 F1000 X25.5870 Y77.0093 Z-1.0000 S24000
G1 F1000 X34.3022 Y67.7737 Z-1.0000 S24000
G1 F1000 X34.5848 Y67.3584 Z-1.0000 S24000
G1 F1000 X34.7235 Y66.8755 Z-1.0000 S24000
G1 F1000 X34.7044 Y66.3735 Z-1.0000 S24000
G1 F1000 X34.5293 Y65.9026 Z-1.0000 S24000
G1 F1000 X34.2864 Y65.5782 Z-1.0000 S24000
G1 F1000 X34.1662 Y65.4544 Z-1.0000 S24000
G1 F1000 X34.0392 Y65.3218 Z-1.0000 S24000
G1 F1000 X33.9268 Y65.2026 Z-1.0000 S24000
G1 F1000 X33.8130 Y65.0801 Z-1.0000 S24000
G1 F1000 X33.6891 Y64.9447 Z-1.0000 S24000
G1 F1000 X33.5825 Y64.8265 Z-1.0000 S24000
G1 F1000 X33.4607 Y64.6892 Z-1.0000 S24000
G1 F1000 X33.3536 Y64.5667 Z-1.0000 S24000
G1 F1000 X33.2358 Y64.4298 Z-1.0000 S24000
G1 F1000 X33.1334 Y64.3089 Z-1.0000 S24000
G1 F1000 X33.0159 Y64.1679 Z-1.0000 S24000
G1 F1000 X32.9071 Y64.0353 Z-1.0000 S24000
G1 F1000 X32.5310 Y63.7022 Z-1.0000 S24000
G1 F1000 X32.0697 Y63.5033 Z-1.0000 S24000
G1 F1000 X31.3798 Y63.4833 Z-1.0000 S24000
G1 F1000 X23.4348 Y65.0122 Z-1.0000 S24000
G1 F1000 X23.3495 Y65.0251 Z-1.0000 S24000
G1 F1000 X23.2958 Y65.0288 Z-1.0000 S24000
G1 F1000 X23.2447 Y65.0280 Z-1.0000 S24000
G1 F1000 X23.1926 Y65.0228 Z-1.0000 S24000
G1 F1000 X23.1418 Y65.0135 Z-1.0000 S24000
G1 F1000 X23.0902 Y64.9994 Z-1.0000 S24000
G1 F1000 X23.0408 Y64.9814 Z-1.0000 S24000
G1 F1000 X22.9911 Y64.9585 Z-1.0000 S24000
G1 F1000 X22.9445 Y64.9323 Z-1.0000 S24000
G1 F1000 X22.8999 Y64.9021 Z-1.0000 S24000
G1 F1000 X22.8566 Y64.8672 Z-1.0000 S24000
G1 F1000 X22.8186 Y64.8310 Z-1.0000 S24000
G1 F1000 X22.7821 Y64.7901 Z-1.0000 S24000
G1 F1000 X22.7512 Y64.7490 Z-1.0000 S24000
G1 F1000 X22.7224 Y64.7034 Z-1.0000 S24000
G1 F1000 X22.6981 Y64.6566 Z-1.0000 S24000
G1 F1000 X22.6782 Y64.6089 Z-1.0000 S24000
G1 F1000 X22.6615 Y64.5575 Z-1.0000 S24000
G1 F1000 X22.6488 Y64.5032 Z-1.0000 S24000
G1 F1000 X22.6407 Y64.4496 Z-1.0000 S24000
G1 F1000 X22.6371 Y64.3966 Z-1.0000 S24000
G1 F1000 X22.6380 Y64.3441 Z-1.0000 S24000
G1 F1000 X22.6432 Y64.2917 Z-1.0000 S24000
G1 F1000 X22.6527 Y64.2402 Z-1.0000 S24000
G1 F1000 X22.6665 Y64.1892 Z-1.0000 S24000
G1 F1000 X22.6850 Y64.1385 Z-1.0000 S24000
G1 F1000 X22.7071 Y64.0903 Z-1.0000 S24000
G1 F1000 X22.7339 Y64.0428 Z-1.0000 S24000
G1 F1000 X22.7641 Y63.9982 Z-1.0000 S24000
G1 F1000 X22.7981 Y63.9560 Z-1.0000 S24000
G1 F1000 X22.8354 Y63.9167 Z-1.0000 S24000
G1 F1000 X22.8753 Y63.8811 Z-1.0000 S24000
G1 F1000 X22.9164 Y63.8502 Z-1.0000 S24000
G1 F1000 X22.9623 Y63.8213 Z-1.0000 S24000
G1 F1000 X23.0077 Y63.7977 Z-1.0000 S24000
G1 F1000 X23.0567 Y63.7772 Z-1.0000 S24000
G1 F1000 X23.1085 Y63.7604 Z-1.0000 S24000
G1 F1000 X23.1933 Y63.7405 Z-1.0000 S24000
G1 F1000 X29.3232 Y62.5611 Z-1.0000 S24000
G1 F1000 X29.7953 Y62.3893 Z-1.0000 S24000
G1 F1000 X30.1901 Y62.0786 Z-1.0000 S24000
G1 F1000 X30.4681 Y61.6601 Z-1.0000 S24000
G1 F1000 X30.6013 Y61.1757 Z-1.0000 S24000
G1 F1000 X30.5765 Y60.6739 Z-1.0000 S24000
G1 F1000 X30.4335 Y60.2731 Z-1.0000 S24000
G1 F1000 X30.3499 Y60.1114 Z-1.0000 S24000
G1 F1000 X30.2763 Y59.9667 Z-1.0000 S24000
G1 F1000 X30.2010 Y59.8154 Z-1.0000 S24000
G1 F1000 X30.1226 Y59.6549 Z-1.0000 S24000
G1 F1000 X30.0544 Y59.5127 Z-1.0000 S24000
G1 F1000 X29.9770 Y59.3480 Z-1.0000 S24000
G1 F1000 X29.9094 Y59.2012 Z-1.0000 S24000
G1 F1000 X29.8355 Y59.0378 Z-1.0000 S24000
G1 F1000 X29.7673 Y58.8835 Z-1.0000 S24000
G1 F1000 X29.7038 Y58.7371 Z-1.0000 S24000
G1 F1000 X29.6333 Y58.5709 Z-1.0000 S24000
G1 F1000 X29.5682 Y58.4141 Z-1.0000 S24000
G1 F1000 X29.5086 Y58.2673 Z-1.0000 S24000
G1 F1000 X29.4413 Y58.0983 Z-1.0000 S24000
G1 F1000 X29.3834 Y57.9493 Z-1.0000 S24000
G1 F1000 X29.3196 Y57.7815 Z-1.0000 S24000
G1 F1000 X29.2646 Y57.6334 Z-1.0000 S24000
G1 F1000 X29.2647 Y57.6334 Z-1.0000 S24000
G1 F1000 X29.2026 Y57.4624 Z-1.0000 S24000
G1 F1000 X29.1463 Y57.3033 Z-1.0000 S24000
G1 F1000 X29.0947 Y57.1537 Z-1.0000 S24000
G1 F1000 X29.0366 Y56.9813 Z-1.0000 S24000
G1 F1000 X28.9868 Y56.8297 Z-1.0000 S24000
G1 F1000 X28.9318 Y56.6579 Z-1.0000 S24000
G1 F1000 X28.8815 Y56.4963 Z-1.0000 S24000
G1 F1000 X28.8322 Y56.3336 Z-1.0000 S24000
G1 F1000 X28.7845 Y56.1714 Z-1.0000 S24000
G1 F1000 X28.7392 Y56.0134 Z-1.0000 S24000
G1 F1000 X28.6923 Y55.8446 Z-1.0000 S24000
G1 F1000 X28.6480 Y55.6803 Z-1.0000 S24000
G1 F1000 X28.6066 Y55.5221 Z-1.0000 S24000
G1 F1000 X28.5634 Y55.3515 Z-1.0000 S24000
G1 F1000 X28.5238 Y55.1901 Z-1.0000 S24000
G1 F1000 X28.4838 Y55.0213 Z-1.0000 S24000
G1 F1000 X28.4459 Y54.8559 Z-1.0000 S24000
G1 F1000 X28.4119 Y54.7020 Z-1.0000 S24000
G1 F1000 X28.3740 Y54.5240 Z-1.0000 S24000
G1 F1000 X28.3417 Y54.3667 Z-1.0000 S24000
G1 F1000 X28.3095 Y54.2028 Z-1.0000 S24000
G1 F1000 X28.2757 Y54.0241 Z-1.0000 S24000
G1 F1000 X28.2455 Y53.8572 Z-1.0000 S24000
G1 F1000 X28.2182 Y53.6996 Z-1.0000 S24000
G1 F1000 X28.1901 Y53.5300 Z-1.0000 S24000
G1 F1000 X28.1640 Y53.3643 Z-1.0000 S24000
G1 F1000 X28.1375 Y53.1868 Z-1.0000 S24000
G1 F1000 X28.1137 Y53.0187 Z-1.0000 S24000
G1 F1000 X28.0926 Y52.8607 Z-1.0000 S24000
G1 F1000 X28.0709 Y52.6885 Z-1.0000 S24000
G1 F1000 X28.0501 Y52.5130 Z-1.0000 S24000
G1 F1000 X28.0323 Y52.3517 Z-1.0000 S24000
G1 F1000 X28.0142 Y52.1755 Z-1.0000 S24000
G1 F1000 X27.9980 Y52.0057 Z-1.0000 S24000
G1 F1000 X27.9844 Y51.8489 Z-1.0000 S24000
G1 F1000 X27.9699 Y51.6675 Z-1.0000 S24000
G1 F1000 X27.9577 Y51.4982 Z-1.0000 S24000
G1 F1000 X27.9476 Y51.3410 Z-1.0000 S24000
G1 F1000 X27.9373 Y51.1594 Z-1.0000 S24000
G1 F1000 X27.9290 Y50.9899 Z-1.0000 S24000
G1 F1000 X27.9224 Y50.8303 Z-1.0000 S24000
G1 F1000 X27.9162 Y50.6498 Z-1.0000 S24000
G1 F1000 X27.9119 Y50.4895 Z-1.0000 S24000
G1 F1000 X27.9088 Y50.3199 Z-1.0000 S24000
G1 F1000 X27.9068 Y50.1467 Z-1.0000 S24000
G1 F1000 X27.9061 Y49.9822 Z-1.0000 S24000
G1 F1000 X27.9068 Y49.7988 Z-1.0000 S24000
G1 F1000 X27.9088 Y49.6279 Z-1.0000 S24000
G1 F1000 X27.9119 Y49.4680 Z-1.0000 S24000
G1 F1000 X27.9167 Y49.2850 Z-1.0000 S24000
G1 F1000 X27.9226 Y49.1148 Z-1.0000 S24000
G1 F1000 X27.9292 Y48.9552 Z-1.0000 S24000
G1 F1000 X27.9382 Y48.7722 Z-1.0000 S24000
G1 F1000 X27.9472 Y48.6137 Z-1.0000 S24000
G1 F1000 X27.9582 Y48.4429 Z-1.0000 S24000
G1 F1000 X27.9714 Y48.2601 Z-1.0000 S24000
G1 F1000 X27.9840 Y48.1019 Z-1.0000 S24000
G1 F1000 X27.9990 Y47.9307 Z-1.0000 S24000
G1 F1000 X28.0163 Y47.7484 Z-1.0000 S24000
G1 F1000 X28.0325 Y47.5913 Z-1.0000 S24000
G1 F1000 X28.0527 Y47.4094 Z-1.0000 S24000
G1 F1000 X28.0715 Y47.2507 Z-1.0000 S24000
G1 F1000 X28.0928 Y47.0818 Z-1.0000 S24000
G1 F1000 X28.1156 Y46.9117 Z-1.0000 S24000
G1 F1000 X28.1413 Y46.7305 Z-1.0000 S24000
G1 F1000 X28.1649 Y46.5734 Z-1.0000 S24000
G1 F1000 X28.1934 Y46.3925 Z-1.0000 S24000
G1 F1000 X28.2213 Y46.2245 Z-1.0000 S24000
G1 F1000 X28.2485 Y46.0675 Z-1.0000 S24000
G1 F1000 X28.2788 Y45.9002 Z-1.0000 S24000
G1 F1000 X28.3108 Y45.7316 Z-1.0000 S24000
G1 F1000 X28.3463 Y45.5519 Z-1.0000 S24000
G1 F1000 X28.3808 Y45.3838 Z-1.0000 S24000
G1 F1000 X28.4138 Y45.2297 Z-1.0000 S24000
G1 F1000 X28.4535 Y45.0509 Z-1.0000 S24000
G1 F1000 X28.4919 Y44.8837 Z-1.0000 S24000
G1 F1000 X28.5300 Y44.7237 Z-1.0000 S24000
G1 F1000 X28.5694 Y44.5637 Z-1.0000 S24000
G1 F1000 X28.6116 Y44.3978 Z-1.0000 S24000
G1 F1000 X28.6581 Y44.2207 Z-1.0000 S24000
G1 F1000 X28.6994 Y44.0679 Z-1.0000 S24000
G1 F1000 X28.7456 Y43.9026 Z-1.0000 S24000
G1 F1000 X28.7926 Y43.7389 Z-1.0000 S24000
G1 F1000 X28.8446 Y43.5633 Z-1.0000 S24000
G1 F1000 X28.8445 Y43.5633 Z-1.0000 S24000
G1 F1000 X28.8908 Y43.4113 Z-1.0000 S24000
G1 F1000 X28.9455 Y43.2365 Z-1.0000 S24000
G1 F1000 X28.9940 Y43.0856 Z-1.0000 S24000
G1 F1000 X29.0478 Y42.9226 Z-1.0000 S24000
G1 F1000 X29.1065 Y42.7490 Z-1.0000 S24000
G1 F1000 X29.1584 Y42.5996 Z-1.0000 S24000
G1 F1000 X29.2198 Y42.4270 Z-1.0000 S24000
G1 F1000 X29.2784 Y42.2662 Z-1.0000 S24000
G1 F1000 X29.3337 Y42.1182 Z-1.0000 S24000
G1 F1000 X29.3991 Y41.9472 Z-1.0000 S24000
G1 F1000 X29.4570 Y41.7990 Z-1.0000 S24000
G1 F1000 X29.5250 Y41.6290 Z-1.0000 S24000
G1 F1000 X29.5898 Y41.4706 Z-1.0000 S24000
G1 F1000 X29.6532 Y41.3191 Z-1.0000 S24000
G1 F1000 X29.7228 Y41.1561 Z-1.0000 S24000
G1 F1000 X29.7866 Y41.0099 Z-1.0000 S24000
G1 F1000 X29.8611 Y40.8425 Z-1.0000 S24000
G1 F1000 X29.9266 Y40.6984 Z-1.0000 S24000
G1 F1000 X30.0037 Y40.5322 Z-1.0000 S24000
G1 F1000 X30.0718 Y40.3883 Z-1.0000 S24000
G1 F1000 X30.1484 Y40.2296 Z-1.0000 S24000
G1 F1000 X30.2214 Y40.0812 Z-1.0000 S24000
G1 F1000 X30.3036 Y39.9174 Z-1.0000 S24000
G1 F1000 X30.3757 Y39.7764 Z-1.0000 S24000
G1 F1000 X30.4604 Y39.6140 Z-1.0000 S24000
G1 F1000 X30.5348 Y39.4738 Z-1.0000 S24000
G1 F1000 X30.6220 Y39.3127 Z-1.0000 S24000
G1 F1000 X30.6990 Y39.1729 Z-1.0000 S24000
G1 F1000 X30.7886 Y39.0131 Z-1.0000 S24000
G1 F1000 X30.8670 Y38.8757 Z-1.0000 S24000
G1 F1000 X30.8671 Y38.8757 Z-1.0000 S24000
G1 F1000 X30.9572 Y38.7207 Z-1.0000 S24000
G1 F1000 X31.0467 Y38.5693 Z-1.0000 S24000
G1 F1000 X31.1346 Y38.4233 Z-1.0000 S24000
G1 F1000 X31.2174 Y38.2880 Z-1.0000 S24000
G1 F1000 X31.3081 Y38.1424 Z-1.0000 S24000
G1 F1000 X31.4025 Y37.9933 Z-1.0000 S24000
G1 F1000 X31.4921 Y37.8544 Z-1.0000 S24000
G1 F1000 X31.5925 Y37.7012 Z-1.0000 S24000
G1 F1000 X31.6808 Y37.5685 Z-1.0000 S24000
G1 F1000 X31.7835 Y37.4168 Z-1.0000 S24000
G1 F1000 X31.8736 Y37.2859 Z-1.0000 S24000
G1 F1000 X31.9769 Y37.1382 Z-1.0000 S24000
G1 F1000 X32.0705 Y37.0067 Z-1.0000 S24000
G1 F1000 X32.1778 Y36.8583 Z-1.0000 S24000
G1 F1000 X32.2758 Y36.7248 Z-1.0000 S24000
G1 F1000 X32.3814 Y36.5833 Z-1.0000 S24000
G1 F1000 X32.4853 Y36.4462 Z-1.0000 S24000
G1 F1000 X32.5817 Y36.3210 Z-1.0000 S24000
G1 F1000 X32.6946 Y36.1768 Z-1.0000 S24000
G1 F1000 X32.7935 Y36.0522 Z-1.0000 S24000
G1 F1000 X32.9086 Y35.9097 Z-1.0000 S24000
G1 F1000 X33.0177 Y35.7766 Z-1.0000 S24000
G1 F1000 X33.1270 Y35.6453 Z-1.0000 S24000
G1 F1000 X33.2374 Y35.5148 Z-1.0000 S24000
G1 F1000 X33.3407 Y35.3945 Z-1.0000 S24000
G1 F1000 X33.4611 Y35.2565 Z-1.0000 S24000
G1 F1000 X33.5752 Y35.1276 Z-1.0000 S24000
G1 F1000 X33.6891 Y35.0010 Z-1.0000 S24000
G1 F1000 X33.8003 Y34.8792 Z-1.0000 S24000
G1 F1000 X33.9183 Y34.7518 Z-1.0000 S24000
G1 F1000 X34.0382 Y34.6245 Z-1.0000 S24000
G1 F1000 X34.1482 Y34.5093 Z-1.0000 S24000
G1 F1000 X34.2677 Y34.3861 Z-1.0000 S24000
G1 F1000 X34.3871 Y34.2648 Z-1.0000 S24000
G1 F1000 X34.5167 Y34.1353 Z-1.0000 S24000
G1 F1000 X34.6344 Y34.0194 Z-1.0000 S24000
G1 F1000 X34.7579 Y33.8996 Z-1.0000 S24000
G1 F1000 X34.8828 Y33.7801 Z-1.0000 S24000
G1 F1000 X35.0058 Y33.6644 Z-1.0000 S24000
G1 F1000 X35.1319 Y33.5476 Z-1.0000 S24000
G1 F1000 X35.2574 Y33.4330 Z-1.0000 S24000
G1 F1000 X35.3803 Y33.3225 Z-1.0000 S24000
G1 F1000 X35.5092 Y33.2084 Z-1.0000 S24000
G1 F1000 X35.6472 Y33.0880 Z-1.0000 S24000
G1 F1000 X35.7675 Y32.9847 Z-1.0000 S24000
G1 F1000 X35.9017 Y32.8712 Z-1.0000 S24000
G1 F1000 X36.0388 Y32.7571 Z-1.0000 S24000
G1 F1000 X36.1619 Y32.6562 Z-1.0000 S24000
G1 F1000 X36.3002 Y32.5446 Z-1.0000 S24000
G1 F1000 X36.4384 Y32.4348 Z-1.0000 S24000
G1 F1000 X36.5631 Y32.3372 Z-1.0000 S24000
G1 F1000 X36.7083 Y32.2255 Z-1.0000 S24000
G1 F1000 X36.8355 Y32.1290 Z-1.0000 S24000
G1 F1000 X36.9823 Y32.0195 Z-1.0000 S24000
G1 F1000 X37.1110 Y31.9250 Z-1.0000 S24000
G1 F1000 X37.2594 Y31.8177 Z-1.0000 S24000
G1 F1000 X37.3885 Y31.7259 Z-1.0000 S24000
G1 F1000 X37.5386 Y31.6209 Z-1.0000 S24000
G1 F1000 X37.6695 Y31.5308 Z-1.0000 S24000
G1 F1000 X37.8212 Y31.4281 Z-1.0000 S24000
G1 F1000 X37.9539 Y31.3397 Z-1.0000 S24000
G1 F1000 X38.1039 Y31.2414 Z-1.0000 S24000
G1 F1000 X38.2411 Y31.1530 Z-1.0000 S24000
G1 F1000 X38.3958 Y31.0549 Z-1.0000 S24000
G1 F1000 X38.5401 Y30.9651 Z-1.0000 S24000
G1 F1000 X38.6760 Y30.8818 Z-1.0000 S24000
G1 F1000 X38.8220 Y30.7939 Z-1.0000 S24000
G1 F1000 X38.9734 Y30.7044 Z-1.0000 S24000
G1 F1000 X39.1284 Y30.6143 Z-1.0000 S24000
G1 F1000 X39.1284 Y30.6142 Z-1.0000 S24000
G1 F1000 X39.2658 Y30.5358 Z-1.0000 S24000
G1 F1000 X39.4256 Y30.4462 Z-1.0000 S24000
G1 F1000 X39.5654 Y30.3692 Z-1.0000 S24000
G1 F1000 X39.7265 Y30.2820 Z-1.0000 S24000
G1 F1000 X39.8667 Y30.2076 Z-1.0000 S24000
G1 F1000 X40.0291 Y30.1229 Z-1.0000 S24000
G1 F1000 X40.1701 Y30.0508 Z-1.0000 S24000
G1 F1000 X40.3306 Y29.9703 Z-1.0000 S24000
G1 F1000 X40.4823 Y29.8956 Z-1.0000 S24000
G1 F1000 X40.6308 Y29.8239 Z-1.0000 S24000
G1 F1000 X40.7897 Y29.7486 Z-1.0000 S24000
G1 F1000 X40.9441 Y29.6770 Z-1.0000 S24000
G1 F1000 X41.0989 Y29.6066 Z-1.0000 S24000
G1 F1000 X41.2589 Y29.5354 Z-1.0000 S24000
G1 F1000 X41.4197 Y29.4653 Z-1.0000 S24000
G1 F1000 X41.5742 Y29.3993 Z-1.0000 S24000
G1 F1000 X41.7236 Y29.3369 Z-1.0000 S24000
G1 F1000 X41.8887 Y29.2694 Z-1.0000 S24000
G1 F1000 X42.0490 Y29.2053 Z-1.0000 S24000
G1 F1000 X42.1995 Y29.1464 Z-1.0000 S24000
G1 F1000 X42.3706 Y29.0810 Z-1.0000 S24000
G1 F1000 X42.5192 Y29.0255 Z-1.0000 S24000
G1 F1000 X42.6835 Y28.9656 Z-1.0000 S24000
G1 F1000 X42.8461 Y28.9078 Z-1.0000 S24000
G1 F1000 X43.0063 Y28.8521 Z-1.0000 S24000
G1 F1000 X43.1753 Y28.7950 Z-1.0000 S24000
G1 F1000 X43.3383 Y28.7412 Z-1.0000 S24000
G1 F1000 X43.4892 Y28.6927 Z-1.0000 S24000
G1 F1000 X43.6640 Y28.6380 Z-1.0000 S24000
G1 F1000 X43.8160 Y28.5917 Z-1.0000 S24000
G1 F1000 X43.8160 Y28.5918 Z-1.0000 S24000
G1 F1000 X43.9916 Y28.5398 Z-1.0000 S24000
G1 F1000 X44.1497 Y28.4943 Z-1.0000 S24000
G1 F1000 X44.3125 Y28.4488 Z-1.0000 S24000
G1 F1000 X44.4734 Y28.4053 Z-1.0000 S24000
G1 F1000 X44.6477 Y28.3595 Z-1.0000 S24000
G1 F1000 X44.8164 Y28.3166 Z-1.0000 S24000
G1 F1000 X44.9702 Y28.2787 Z-1.0000 S24000
G1 F1000 X45.1415 Y28.2379 Z-1.0000 S24000
G1 F1000 X45.3155 Y28.1979 Z-1.0000 S24000
G1 F1000 X45.4762 Y28.1623 Z-1.0000 S24000
G1 F1000 X45.6453 Y28.1261 Z-1.0000 S24000
G1 F1000 X45.8046 Y28.0934 Z-1.0000 S24000
G1 F1000 X45.9733 Y28.0601 Z-1.0000 S24000
G1 F1000 X46.1521 Y28.0262 Z-1.0000 S24000
G1 F1000 X46.3157 Y27.9965 Z-1.0000 S24000
G1 F1000 X46.4772 Y27.9685 Z-1.0000 S24000
G1 F1000 X46.6481 Y27.9402 Z-1.0000 S24000
G1 F1000 X46.8261 Y27.9121 Z-1.0000 S24000
G1 F1000 X46.9874 Y27.8879 Z-1.0000 S24000
G1 F1000 X47.1568 Y27.8639 Z-1.0000 S24000
G1 F1000 X47.3345 Y27.8400 Z-1.0000 S24000
G1 F1000 X47.5022 Y27.8188 Z-1.0000 S24000
G1 F1000 X47.6621 Y27.7999 Z-1.0000 S24000
G1 F1000 X47.8413 Y27.7800 Z-1.0000 S24000
G1 F1000 X48.0068 Y27.7629 Z-1.0000 S24000
G1 F1000 X48.1802 Y27.7464 Z-1.0000 S24000
G1 F1000 X48.3454 Y27.7319 Z-1.0000 S24000
G1 F1000 X48.5136 Y27.7185 Z-1.0000 S24000
G1 F1000 X48.6923 Y27.7056 Z-1.0000 S24000
G1 F1000 X48.8655 Y27.6945 Z-1.0000 S24000
G1 F1000 X49.0317 Y27.6850 Z-1.0000 S24000
G1 F1000 X49.2009 Y27.6766 Z-1.0000 S24000
G1 F1000 X49.3675 Y27.6697 Z-1.0000 S24000
G1 F1000 X49.5498 Y27.6635 Z-1.0000 S24000
G1 F1000 X49.7147 Y27.6591 Z-1.0000 S24000
G1 F1000 X49.8817 Y27.6560 Z-1.0000 S24000
G1 F1000 X50.0566 Y27.6540 Z-1.0000 S24000
G1 F1000 X50.2288 Y27.6533 Z-1.0000 S24000
G1 F1000 X50.3999 Y27.6540 Z-1.0000 S24000
G1 F1000 X50.5740 Y27.6560 Z-1.0000 S24000
G1 F1000 X50.7344 Y27.6590 Z-1.0000 S24000
G1 F1000 X50.9145 Y27.6637 Z-1.0000 S24000
G1 F1000 X51.0863 Y27.6696 Z-1.0000 S24000
G1 F1000 X51.2492 Y27.6764 Z-1.0000 S24000
G1 F1000 X51.4170 Y27.6846 Z-1.0000 S24000
G1 F1000 X51.5980 Y27.6948 Z-1.0000 S24000
G1 F1000 X51.7586 Y27.7051 Z-1.0000 S24000
G1 F1000 X51.9274 Y27.7173 Z-1.0000 S24000
G1 F1000 X52.0986 Y27.7309 Z-1.0000 S24000
G1 F1000 X52.2768 Y27.7465 Z-1.0000 S24000
G1 F1000 X52.4414 Y27.7620 Z-1.0000 S24000
G1 F1000 X52.6078 Y27.7792 Z-1.0000 S24000
G1 F1000 X52.7736 Y27.7975 Z-1.0000 S24000
G1 F1000 X52.9487 Y27.8182 Z-1.0000 S24000
G1 F1000 X53.1194 Y27.8397 Z-1.0000 S24000
G1 F1000 X53.2904 Y27.8626 Z-1.0000 S24000
G1 F1000 X53.4608 Y27.8867 Z-1.0000 S24000
G1 F1000 X53.6240 Y27.9110 Z-1.0000 S24000
G1 F1000 X53.7906 Y27.9373 Z-1.0000 S24000
G1 F1000 X53.9603 Y27.9653 Z-1.0000 S24000
G1 F1000 X54.1211 Y27.9931 Z-1.0000 S24000
G1 F1000 X54.2895 Y28.0236 Z-1.0000 S24000
G1 F1000 X54.4663 Y28.0569 Z-1.0000 S24000
G1 F1000 X54.6327 Y28.0897 Z-1.0000 S24000
G1 F1000 X54.7952 Y28.1230 Z-1.0000 S24000
G1 F1000 X54.9608 Y28.1583 Z-1.0000 S24000
G1 F1000 X55.1256 Y28.1946 Z-1.0000 S24000
G1 F1000 X55.2957 Y28.2337 Z-1.0000 S24000
G1 F1000 X55.4640 Y28.2736 Z-1.0000 S24000
G1 F1000 X55.6198 Y28.3118 Z-1.0000 S24000
G1 F1000 X55.7886 Y28.3546 Z-1.0000 S24000
G1 F1000 X55.9560 Y28.3984 Z-1.0000 S24000
G1 F1000 X56.1217 Y28.4432 Z-1.0000 S24000
G1 F1000 X56.2893 Y28.4898 Z-1.0000 S24000
G1 F1000 X56.4413 Y28.5333 Z-1.0000 S24000
G1 F1000 X56.6079 Y28.5824 Z-1.0000 S24000
G1 F1000 X56.7761 Y28.6335 Z-1.0000 S24000
G1 F1000 X56.9328 Y28.6823 Z-1.0000 S24000
G1 F1000 X57.1034 Y28.7370 Z-1.0000 S24000
G1 F1000 X57.2632 Y28.7895 Z-1.0000 S24000
G1 F1000 X57.4156 Y28.8410 Z-1.0000 S24000
G1 F1000 X57.5843 Y28.8993 Z-1.0000 S24000
G1 F1000 X57.7437 Y28.9558 Z-1.0000 S24000
G1 F1000 X57.9033 Y29.0138 Z-1.0000 S24000
G1 F1000 X58.0562 Y29.0707 Z-1.0000 S24000
G1 F1000 X58.2222 Y29.1339 Z-1.0000 S24000
G1 F1000 X58.3762 Y29.1938 Z-1.0000 S24000
G1 F1000 X58.5428 Y29.2603 Z-1.0000 S24000
G1 F1000 X58.6925 Y29.3212 Z-1.0000 S24000
G1 F1000 X58.8548 Y29.3889 Z-1.0000 S24000
G1 F1000 X59.0079 Y29.4540 Z-1.0000 S24000
G1 F1000 X59.1595 Y29.5198 Z-1.0000 S24000
G1 F1000 X59.3262 Y29.5938 Z-1.0000 S24000
G1 F1000 X59.4707 Y29.6593 Z-1.0000 S24000
G1 F1000 X59.6363 Y29.7358 Z-1.0000 S24000
G1 F1000 X59.7791 Y29.8031 Z-1.0000 S24000
G1 F1000 X59.9391 Y29.8800 Z-1.0000 S24000
G1 F1000 X60.0904 Y29.9543 Z-1.0000 S24000
G1 F1000 X60.2431 Y30.0307 Z-1.0000 S24000
G1 F1000 X60.3947 Y30.1079 Z-1.0000 S24000
G1 F1000 X60.5444 Y30.1856 Z-1.0000 S24000
G1 F1000 X60.6968 Y30.2662 Z-1.0000 S24000
G1 F1000 X60.8521 Y30.3499 Z-1.0000 S24000
G1 F1000 X60.9906 Y30.4259 Z-1.0000 S24000
G1 F1000 X61.1499 Y30.5149 Z-1.0000 S24000
G1 F1000 X61.2875 Y30.5931 Z-1.0000 S24000
G1 F1000 X61.4454 Y30.6845 Z-1.0000 S24000
G1 F1000 X61.5818 Y30.7649 Z-1.0000 S24000
G1 F1000 X61.7275 Y30.8522 Z-1.0000 S24000
G1 F1000 X61.8792 Y30.9448 Z-1.0000 S24000
G1 F1000 X62.0284 Y31.0373 Z-1.0000 S24000
G1 F1000 X62.1647 Y31.1232 Z-1.0000 S24000
G1 F1000 X62.3150 Y31.2198 Z-1.0000 S24000
G1 F1000 X62.4482 Y31.3066 Z-1.0000 S24000
G1 F1000 X62.6003 Y31.4075 Z-1.0000 S24000
G1 F1000 X62.7314 Y31.4959 Z-1.0000 S24000
G1 F1000 X62.8819 Y31.5991 Z-1.0000 S24000
G1 F1000 X63.0160 Y31.6925 Z-1.0000 S24000
G1 F1000 X63.1515 Y31.7884 Z-1.0000 S24000
G1 F1000 X63.2948 Y31.8914 Z-1.0000 S24000
G1 F1000 X63.4319 Y31.9917 Z-1.0000 S24000
G1 F1000 X63.5653 Y32.0908 Z-1.0000 S24000
G1 F1000 X63.7098 Y32.1998 Z-1.0000 S24000
G1 F1000 X63.8448 Y32.3033 Z-1.0000 S24000
G1 F1000 X63.9742 Y32.4041 Z-1.0000 S24000
G1 F1000 X64.1040 Y32.5068 Z-1.0000 S24000
G1 F1000 X64.2423 Y32.6178 Z-1.0000 S24000
G1 F1000 X64.3684 Y32.7208 Z-1.0000 S24000
G1 F1000 X64.5034 Y32.8326 Z-1.0000 S24000
G1 F1000 X64.6395 Y32.9471 Z-1.0000 S24000
G1 F1000 X64.7688 Y33.0576 Z-1.0000 S24000
G1 F1000 X64.8885 Y33.1614 Z-1.0000 S24000
G1 F1000 X65.0254 Y33.2820 Z-1.0000 S24000
G1 F1000 X65.1431 Y33.3872 Z-1.0000 S24000
G1 F1000 X65.2736 Y33.5058 Z-1.0000 S24000
G1 F1000 X65.4041 Y33.6261 Z-1.0000 S24000
G1 F1000 X65.5193 Y33.7340 Z-1.0000 S24000
G1 F1000 X65.6515 Y33.8597 Z-1.0000 S24000
G1 F1000 X65.7655 Y33.9696 Z-1.0000 S24000
G1 F1000 X65.8920 Y34.0936 Z-1.0000 S24000
G1 F1000 X66.0169 Y34.2178 Z-1.0000 S24000
G1 F1000 X66.1284 Y34.3303 Z-1.0000 S24000
G1 F1000 X66.2558 Y34.4609 Z-1.0000 S24000
G1 F1000 X66.3699 Y34.5798 Z-1.0000 S24000
G1 F1000 X66.4910 Y34.7077 Z-1.0000 S24000
G1 F1000 X66.5991 Y34.8236 Z-1.0000 S24000
G1 F1000 X66.7225 Y34.9580 Z-1.0000 S24000
G1 F1000 X66.8287 Y35.0755 Z-1.0000 S24000
G1 F1000 X66.9501 Y35.2118 Z-1.0000 S24000
G1 F1000 X67.0592 Y35.3361 Z-1.0000 S24000
G1 F1000 X67.1739 Y35.4689 Z-1.0000 S24000
G1 F1000 X67.2765 Y35.5895 Z-1.0000 S24000
G1 F1000 X67.3861 Y35.7203 Z-1.0000 S24000
G1 F1000 X67.5022 Y35.8610 Z-1.0000 S24000
G1 F1000 X67.6017 Y35.9834 Z-1.0000 S24000
G1 F1000 X67.7156 Y36.1259 Z-1.0000 S24000
G1 F1000 X67.8140 Y36.2507 Z-1.0000 S24000
G1 F1000 X67.9258 Y36.3949 Z-1.0000 S24000
G1 F1000 X68.0218 Y36.5207 Z-1.0000 S24000
G1 F1000 X68.1314 Y36.6666 Z-1.0000 S24000
G1 F1000 X68.2329 Y36.8038 Z-1.0000 S24000
G1 F1000 X68.3264 Y36.9322 Z-1.0000 S24000
G1 F1000 X68.3263 Y36.9322 Z-1.0000 S24000
G1 F1000 X68.4326 Y37.0805 Z-1.0000 S24000
G1 F1000 X68.5237 Y37.2096 Z-1.0000 S24000
G1 F1000 X68.6210 Y37.3498 Z-1.0000 S24000
G1 F1000 X68.7168 Y37.4901 Z-1.0000 S24000
G1 F1000 X68.8118 Y37.6316 Z-1.0000 S24000
G1 F1000 X68.9123 Y37.7838 Z-1.0000 S24000
G1 F1000 X69.0053 Y37.9269 Z-1.0000 S24000
G1 F1000 X69.0906 Y38.0603 Z-1.0000 S24000
G1 F1000 X69.1811 Y38.2043 Z-1.0000 S24000
G1 F1000 X69.2709 Y38.3497 Z-1.0000 S24000
G1 F1000 X69.3624 Y38.5004 Z-1.0000 S24000
G1 F1000 X69.4526 Y38.6515 Z-1.0000 S24000
G1 F1000 X69.5330 Y38.7885 Z-1.0000 S24000
G1 F1000 X69.6241 Y38.9465 Z-1.0000 S24000
G1 F1000 X69.7078 Y39.0944 Z-1.0000 S24000
G1 F1000 X69.7908 Y39.2436 Z-1.0000 S24000
G1 F1000 X69.8725 Y39.3931 Z-1.0000 S24000
G1 F1000 X69.9471 Y39.5323 Z-1.0000 S24000
G1 F1000 X70.0265 Y39.6830 Z-1.0000 S24000
G1 F1000 X70.1103 Y39.8451 Z-1.0000 S24000
G1 F1000 X70.1876 Y39.9974 Z-1.0000 S24000
G1 F1000 X70.4830 Y40.4038 Z-1.0000 S24000
G1 F1000 X70.8906 Y40.6974 Z-1.0000 S24000
G1 F1000 X71.4553 Y40.8594 Z-1.0000 S24000
G1 F1000 X88.5927 Y42.4624 Z-1.0000 S24000
G1 F1000 X72.6328 Y53.9070 Z-1.0000 S24000
G1 F1000 X72.2760 Y54.2607 Z-1.0000 S24000
G1 F1000 X72.0100 Y54.8449 Z-1.0000 S24000
G1 F1000 X71.9721 Y55.0116 Z-1.0000 S24000
G1 F1000 X71.9329 Y55.1780 Z-1.0000 S24000
G1 F1000 X71.8902 Y55.3527 Z-1.0000 S24000
G1 F1000 X71.8504 Y55.5107 Z-1.0000 S24000
G1 F1000 X71.8063 Y55.6803 Z-1.0000 S24000
G1 F1000 X71.7628 Y55.8419 Z-1.0000 S24000
G1 F1000 X71.7172 Y56.0068 Z-1.0000 S24000
G1 F1000 X71.6678 Y56.1799 Z-1.0000 S24000
G1 F1000 X71.6223 Y56.3349 Z-1.0000 S24000
G1 F1000 X71.5726 Y56.4992 Z-1.0000 S24000
G1 F1000 X71.5196 Y56.6700 Z-1.0000 S24000
G1 F1000 X71.4701 Y56.8249 Z-1.0000 S24000
G1 F1000 X71.4129 Y56.9992 Z-1.0000 S24000
G1 F1000 X71.3600 Y57.1569 Z-1.0000 S24000
G1 F1000 X71.3062 Y57.3126 Z-1.0000 S24000
G1 F1000 X71.2493 Y57.4736 Z-1.0000 S24000
G1 F1000 X71.1868 Y57.6461 Z-1.0000 S24000
G1 F1000 X71.1317 Y57.7948 Z-1.0000 S24000
G1 F1000 X71.0671 Y57.9648 Z-1.0000 S24000
G1 F1000 X71.0061 Y58.1216 Z-1.0000 S24000
G1 F1000 X70.9456 Y58.2737 Z-1.0000 S24000
G1 F1000 X70.8771 Y58.4421 Z-1.0000 S24000
G1 F1000 X70.8126 Y58.5973 Z-1.0000 S24000
G1 F1000 X70.7485 Y58.7482 Z-1.0000 S24000
G1 F1000 X70.6785 Y58.9096 Z-1.0000 S24000
G1 F1000 X70.6111 Y59.0615 Z-1.0000 S24000
G1 F1000 X70.5370 Y59.2252 Z-1.0000 S24000
G1 F1000 X70.4656 Y59.3799 Z-1.0000 S24000
G1 F1000 X70.3919 Y59.5365 Z-1.0000 S24000
G1 F1000 X70.3218 Y59.6824 Z-1.0000 S24000
G1 F1000 X70.2435 Y59.8423 Z-1.0000 S24000
G1 F1000 X70.1646 Y60.0001 Z-1.0000 S24000
G1 F1000 X70.0925 Y60.1419 Z-1.0000 S24000
G1 F1000 X70.0136 Y60.2940 Z-1.0000 S24000
G1 F1000 X69.9335 Y60.4456 Z-1.0000 S24000
G1 F1000 X69.8524 Y60.5962 Z-1.0000 S24000
G1 F1000 X69.7645 Y60.7565 Z-1.0000 S24000
G1 F1000 X69.6834 Y60.9015 Z-1.0000 S24000
G1 F1000 X69.6019 Y61.0449 Z-1.0000 S24000
G1 F1000 X69.5103 Y61.2032 Z-1.0000 S24000
G1 F1000 X69.4293 Y61.3406 Z-1.0000 S24000
G1 F1000 X69.3362 Y61.4959 Z-1.0000 S24000
G1 F1000 X69.2520 Y61.6340 Z-1.0000 S24000
G1 F1000 X69.1553 Y61.7899 Z-1.0000 S24000
G1 F1000 X69.0705 Y61.9243 Z-1.0000 S24000
G1 F1000 X68.9746 Y62.0736 Z-1.0000 S24000
G1 F1000 X68.8801 Y62.2185 Z-1.0000 S24000
G1 F1000 X68.7899 Y62.3545 Z-1.0000 S24000
G1 F1000 X68.6873 Y62.5065 Z-1.0000 S24000
G1 F1000 X68.5969 Y62.6382 Z-1.0000 S24000
G1 F1000 X68.4930 Y62.7872 Z-1.0000 S24000
G1 F1000 X68.3934 Y62.9277 Z-1.0000 S24000

G0 Z5; move to z-safe height
G0 X95.4627 Y66.6752

G0 Z0
G1 F300 Z-1.0000; Plunge
 G1 F1000 X95.4033 Y66.8363 Z-1.0000 S24000
G1 F1000 X95.3413 Y67.0024 Z-1.0000 S24000
G1 F1000 X95.2767 Y67.1737 Z-1.0000 S24000
G1 F1000 X95.2768 Y67.1737 Z-1.0000 S24000
G1 F1000 X95.2157 Y67.3335 Z-1.0000 S24000
G1 F1000 X95.1520 Y67.4987 Z-1.0000 S24000
G1 F1000 X95.0873 Y67.6645 Z-1.0000 S24000
G1 F1000 X95.0225 Y67.8289 Z-1.0000 S24000
G1 F1000 X94.9570 Y67.9933 Z-1.0000 S24000
G1 F1000 X94.8907 Y68.1578 Z-1.0000 S24000
G1 F1000 X94.8235 Y68.3229 Z-1.0000 S24000
G1 F1000 X94.7542 Y68.4916 Z-1.0000 S24000
G1 F1000 X94.6885 Y68.6495 Z-1.0000 S24000
G1 F1000 X94.6199 Y68.8128 Z-1.0000 S24000
G1 F1000 X94.5501 Y68.9771 Z-1.0000 S24000
G1 F1000 X94.4780 Y69.1455 Z-1.0000 S24000
G1 F1000 X94.4103 Y69.3018 Z-1.0000 S24000
G1 F1000 X94.3392 Y69.4642 Z-1.0000 S24000
G1 F1000 X94.2673 Y69.6269 Z-1.0000 S24000
G1 F1000 X94.1956 Y69.7878 Z-1.0000 S24000
G1 F1000 X94.1223 Y69.9502 Z-1.0000 S24000
G1 F1000 X94.0491 Y70.1111 Z-1.0000 S24000
G1 F1000 X93.9745 Y70.2734 Z-1.0000 S24000
G1 F1000 X93.9004 Y70.4330 Z-1.0000 S24000
G1 F1000 X93.8227 Y70.5988 Z-1.0000 S24000
G1 F1000 X93.8228 Y70.5988 Z-1.0000 S24000
G1 F1000 X93.7495 Y70.7538 Z-1.0000 S24000
G1 F1000 X93.6708 Y70.9187 Z-1.0000 S24000
G1 F1000 X93.5960 Y71.0736 Z-1.0000 S24000
G1 F1000 X93.5185 Y71.2329 Z-1.0000 S24000
G1 F1000 X93.4404 Y71.3920 Z-1.0000 S24000
G1 F1000 X93.3618 Y71.5505 Z-1.0000 S24000
G1 F1000 X93.2821 Y71.7098 Z-1.0000 S24000
G1 F1000 X93.2028 Y71.8670 Z-1.0000 S24000
G1 F1000 X93.1219 Y72.0256 Z-1.0000 S24000
G1 F1000 X93.0408 Y72.1833 Z-1.0000 S24000
G1 F1000 X92.9590 Y72.3410 Z-1.0000 S24000
G1 F1000 X92.8770 Y72.4978 Z-1.0000 S24000
G1 F1000 X92.7943 Y72.6542 Z-1.0000 S24000
G1 F1000 X92.7108 Y72.8109 Z-1.0000 S24000
G1 F1000 X92.6241 Y72.9722 Z-1.0000 S24000
G1 F1000 X92.5426 Y73.1226 Z-1.0000 S24000
G1 F1000 X92.5425 Y73.1226 Z-1.0000 S24000
G1 F1000 X92.4546 Y73.2832 Z-1.0000 S24000
G1 F1000 X92.4547 Y73.2832 Z-1.0000 S24000
G1 F1000 X92.3691 Y73.4384 Z-1.0000 S24000
G1 F1000 X92.2856 Y73.5882 Z-1.0000 S24000
G1 F1000 X92.1986 Y73.7431 Z-1.0000 S24000
G1 F1000 X92.1088 Y73.9017 Z-1.0000 S24000
G1 F1000 X92.0236 Y74.0509 Z-1.0000 S24000
G1 F1000 X91.9348 Y74.2049 Z-1.0000 S24000
G1 F1000 X91.8456 Y74.3585 Z-1.0000 S24000
G1 F1000 X91.7562 Y74.5112 Z-1.0000 S24000
G1 F1000 X91.6660 Y74.6638 Z-1.0000 S24000
G1 F1000 X91.5755 Y74.8157 Z-1.0000 S24000
G1 F1000 X91.4812 Y74.9726 Z-1.0000 S24000
G1 F1000 X91.3920 Y75.1199 Z-1.0000 S24000
G1 F1000 X91.2994 Y75.2715 Z-1.0000 S24000
G1 F1000 X91.2993 Y75.2715 Z-1.0000 S24000
G1 F1000 X91.2038 Y75.4268 Z-1.0000 S24000
G1 F1000 X91.1133 Y75.5725 Z-1.0000 S24000
G1 F1000 X91.0193 Y75.7227 Z-1.0000 S24000
G1 F1000 X90.9247 Y75.8726 Z-1.0000 S24000
G1 F1000 X90.8264 Y76.0271 Z-1.0000 S24000
G1 F1000 X90.7341 Y76.1711 Z-1.0000 S24000
G1 F1000 X90.6372 Y76.3209 Z-1.0000 S24000
G1 F1000 X90.5411 Y76.4684 Z-1.0000 S24000
G1 F1000 X90.4405 Y76.6214 Z-1.0000 S24000
G1 F1000 X90.3458 Y76.7646 Z-1.0000 S24000
G1 F1000 X90.2472 Y76.9123 Z-1.0000 S24000
G1 F1000 X90.1482 Y77.0594 Z-1.0000 S24000
G1 F1000 X90.0454 Y77.2110 Z-1.0000 S24000
G1 F1000 X89.9488 Y77.3524 Z-1.0000 S24000
G1 F1000 X89.9487 Y77.3524 Z-1.0000 S24000
G1 F1000 X89.8448 Y77.5032 Z-1.0000 S24000
G1 F1000 X89.8449 Y77.5032 Z-1.0000 S24000
G1 F1000 X89.7469 Y77.6443 Z-1.0000 S24000
G1 F1000 X89.6419 Y77.7944 Z-1.0000 S24000
G1 F1000 X89.5431 Y77.9346 Z-1.0000 S24000
G1 F1000 X89.4404 Y78.0791 Z-1.0000 S24000
G1 F1000 X89.3374 Y78.2229 Z-1.0000 S24000
G1 F1000 X89.2302 Y78.3714 Z-1.0000 S24000
G1 F1000 X89.1291 Y78.5105 Z-1.0000 S24000
G1 F1000 X89.0246 Y78.6532 Z-1.0000 S24000
G1 F1000 X88.9158 Y78.8005 Z-1.0000 S24000
G1 F1000 X88.8134 Y78.9381 Z-1.0000 S24000
G1 F1000 X88.7070 Y79.0799 Z-1.0000 S24000
G1 F1000 X88.5966 Y79.2260 Z-1.0000 S24000
G1 F1000 X88.4891 Y79.3673 Z-1.0000 S24000
G1 F1000 X88.3849 Y79.5033 Z-1.0000 S24000
G1 F1000 X88.2762 Y79.6439 Z-1.0000 S24000
G1 F1000 X88.1677 Y79.7833 Z-1.0000 S24000
G1 F1000 X88.0576 Y79.9235 Z-1.0000 S24000
G1 F1000 X87.9483 Y80.0619 Z-1.0000 S24000
G1 F1000 X87.8342 Y80.2051 Z-1.0000 S24000
G1 F1000 X87.7271 Y80.3387 Z-1.0000 S24000
G1 F1000 X87.6119 Y80.4811 Z-1.0000 S24000
G1 F1000 X87.6120 Y80.4811 Z-1.0000 S24000
G1 F1000 X87.5033 Y80.6147 Z-1.0000 S24000
G1 F1000 X87.5032 Y80.6146 Z-1.0000 S24000
G1 F1000 X87.3901 Y80.7525 Z-1.0000 S24000
G1 F1000 X87.2775 Y80.8887 Z-1.0000 S24000
G1 F1000 X87.1644 Y81.0246 Z-1.0000 S24000
G1 F1000 X87.0467 Y81.1649 Z-1.0000 S24000
G1 F1000 X86.9360 Y81.2959 Z-1.0000 S24000
G1 F1000 X86.8209 Y81.4311 Z-1.0000 S24000
G1 F1000 X86.7057 Y81.5654 Z-1.0000 S24000
G1 F1000 X86.5860 Y81.7039 Z-1.0000 S24000
G1 F1000 X86.4735 Y81.8332 Z-1.0000 S24000
G1 F1000 X86.3563 Y81.9668 Z-1.0000 S24000
G1 F1000 X86.2388 Y82.0998 Z-1.0000 S24000
G1 F1000 X86.1171 Y82.2366 Z-1.0000 S24000
G1 F1000 X86.0027 Y82.3643 Z-1.0000 S24000
G1 F1000 X85.8838 Y82.4960 Z-1.0000 S24000
G1 F1000 X85.8837 Y82.4960 Z-1.0000 S24000
G1 F1000 X85.7605 Y82.6315 Z-1.0000 S24000
G1 F1000 X85.6451 Y82.7575 Z-1.0000 S24000
G1 F1000 X85.5209 Y82.8920 Z-1.0000 S24000
G1 F1000 X85.4033 Y83.0185 Z-1.0000 S24000
G1 F1000 X85.2832 Y83.1468 Z-1.0000 S24000
G1 F1000 X85.1575 Y83.2799 Z-1.0000 S24000
G1 F1000 X85.0390 Y83.4047 Z-1.0000 S24000
G1 F1000 X84.9124 Y83.5369 Z-1.0000 S24000
G1 F1000 X84.7930 Y83.6608 Z-1.0000 S24000
G1 F1000 X84.6693 Y83.7882 Z-1.0000 S24000
G1 F1000 X84.5460 Y83.9143 Z-1.0000 S24000
G1 F1000 X84.4174 Y84.0447 Z-1.0000 S24000
G1 F1000 X84.2957 Y84.1672 Z-1.0000 S24000
G1 F1000 X84.1711 Y84.2919 Z-1.0000 S24000
G1 F1000 X84.0411 Y84.4209 Z-1.0000 S24000
G1 F1000 X83.9186 Y84.5417 Z-1.0000 S24000
G1 F1000 X83.7922 Y84.6654 Z-1.0000 S24000
G1 F1000 X83.6647 Y84.7892 Z-1.0000 S24000
G1 F1000 X83.5373 Y84.9120 Z-1.0000 S24000
G1 F1000 X83.4086 Y85.0352 Z-1.0000 S24000
G1 F1000 X83.2780 Y85.1594 Z-1.0000 S24000
G1 F1000 X83.1512 Y85.2790 Z-1.0000 S24000
G1 F1000 X83.0225 Y85.3996 Z-1.0000 S24000
G1 F1000 X82.8924 Y85.5205 Z-1.0000 S24000
G1 F1000 X82.7578 Y85.6447 Z-1.0000 S24000
G1 F1000 X82.6310 Y85.7609 Z-1.0000 S24000
G1 F1000 X82.4956 Y85.8841 Z-1.0000 S24000
G1 F1000 X82.3684 Y85.9990 Z-1.0000 S24000
G1 F1000 X82.2362 Y86.1175 Z-1.0000 S24000
G1 F1000 X82.0994 Y86.2393 Z-1.0000 S24000
G1 F1000 X81.9671 Y86.3561 Z-1.0000 S24000
G1 F1000 X81.8379 Y86.4694 Z-1.0000 S24000
G1 F1000 X81.7044 Y86.5856 Z-1.0000 S24000
G1 F1000 X81.5700 Y86.7017 Z-1.0000 S24000
G1 F1000 X81.4352 Y86.8173 Z-1.0000 S24000
G1 F1000 X81.3000 Y86.9324 Z-1.0000 S24000
G1 F1000 X81.1602 Y87.0506 Z-1.0000 S24000
G1 F1000 X81.0289 Y87.1608 Z-1.0000 S24000
G1 F1000 X80.8929 Y87.2741 Z-1.0000 S24000
G1 F1000 X80.7562 Y87.3871 Z-1.0000 S24000
G1 F1000 X80.6183 Y87.5002 Z-1.0000 S24000
G1 F1000 X80.6183 Y87.5001 Z-1.0000 S24000
G1 F1000 X80.4764 Y87.6158 Z-1.0000 S24000
G1 F1000 X80.4764 Y87.6159 Z-1.0000 S24000
G1 F1000 X80.3441 Y87.7228 Z-1.0000 S24000
G1 F1000 X80.2052 Y87.8342 Z-1.0000 S24000
G1 F1000 X80.0667 Y87.9445 Z-1.0000 S24000
G1 F1000 X79.9274 Y88.0546 Z-1.0000 S24000
G1 F1000 X79.7877 Y88.1642 Z-1.0000 S24000
G1 F1000 X79.6487 Y88.2725 Z-1.0000 S24000
G1 F1000 X79.5038 Y88.3844 Z-1.0000 S24000
G1 F1000 X79.3668 Y88.4895 Z-1.0000 S24000
G1 F1000 X79.2266 Y88.5963 Z-1.0000 S24000
G1 F1000 X79.0805 Y88.7066 Z-1.0000 S24000
G1 F1000 X78.9379 Y88.8136 Z-1.0000 S24000
G1 F1000 X78.8010 Y88.9155 Z-1.0000 S24000
G1 F1000 X78.8010 Y88.9154 Z-1.0000 S24000
G1 F1000 X78.6537 Y89.0241 Z-1.0000 S24000
G1 F1000 X78.5151 Y89.1258 Z-1.0000 S24000
G1 F1000 X78.3714 Y89.2302 Z-1.0000 S24000
G1 F1000 X78.2229 Y89.3374 Z-1.0000 S24000
G1 F1000 X78.0836 Y89.4372 Z-1.0000 S24000
G1 F1000 X77.9343 Y89.5433 Z-1.0000 S24000
G1 F1000 X77.7945 Y89.6419 Z-1.0000 S24000
G1 F1000 X77.6491 Y89.7436 Z-1.0000 S24000
G1 F1000 X77.5032 Y89.8449 Z-1.0000 S24000
G1 F1000 X77.5032 Y89.8448 Z-1.0000 S24000
G1 F1000 X77.3524 Y89.9487 Z-1.0000 S24000
G1 F1000 X77.2105 Y90.0457 Z-1.0000 S24000
G1 F1000 X77.0642 Y90.1450 Z-1.0000 S24000
G1 F1000 X76.9169 Y90.2441 Z-1.0000 S24000
G1 F1000 X76.7704 Y90.3419 Z-1.0000 S24000
G1 F1000 X76.6213 Y90.4405 Z-1.0000 S24000
G1 F1000 X76.4683 Y90.5411 Z-1.0000 S24000
G1 F1000 X76.3248 Y90.6346 Z-1.0000 S24000
G1 F1000 X76.1710 Y90.7341 Z-1.0000 S24000
G1 F1000 X76.0266 Y90.8267 Z-1.0000 S24000
G1 F1000 X75.8730 Y90.9245 Z-1.0000 S24000
G1 F1000 X75.7273 Y91.0164 Z-1.0000 S24000
G1 F1000 X75.5739 Y91.1125 Z-1.0000 S24000
G1 F1000 X75.4263 Y91.2041 Z-1.0000 S24000
G1 F1000 X75.2762 Y91.2966 Z-1.0000 S24000
G1 F1000 X75.1243 Y91.3893 Z-1.0000 S24000
G1 F1000 X74.9730 Y91.4810 Z-1.0000 S24000
G1 F1000 X74.8210 Y91.5723 Z-1.0000 S24000
G1 F1000 X74.6637 Y91.6660 Z-1.0000 S24000
G1 F1000 X74.5158 Y91.7534 Z-1.0000 S24000
G1 F1000 X74.3578 Y91.8460 Z-1.0000 S24000
G1 F1000 X74.2095 Y91.9322 Z-1.0000 S24000
G1 F1000 X74.0509 Y92.0236 Z-1.0000 S24000
G1 F1000 X73.9024 Y92.1084 Z-1.0000 S24000
G1 F1000 X73.7479 Y92.1959 Z-1.0000 S24000
G1 F1000 X73.5932 Y92.2828 Z-1.0000 S24000
G1 F1000 X73.4335 Y92.3717 Z-1.0000 S24000
G1 F1000 X73.2831 Y92.4547 Z-1.0000 S24000
G1 F1000 X73.2831 Y92.4546 Z-1.0000 S24000
G1 F1000 X73.1225 Y92.5425 Z-1.0000 S24000
G1 F1000 X73.1225 Y92.5426 Z-1.0000 S24000
G1 F1000 X72.9717 Y92.6243 Z-1.0000 S24000
G1 F1000 X72.8105 Y92.7110 Z-1.0000 S24000
G1 F1000 X72.6589 Y92.7918 Z-1.0000 S24000
G1 F1000 X72.5028 Y92.8743 Z-1.0000 S24000
G1 F1000 X72.3454 Y92.9567 Z-1.0000 S24000
G1 F1000 X72.1880 Y93.0384 Z-1.0000 S24000
G1 F1000 X72.0255 Y93.1220 Z-1.0000 S24000
G1 F1000 X71.8680 Y93.2022 Z-1.0000 S24000
G1 F1000 X71.7143 Y93.2798 Z-1.0000 S24000
G1 F1000 X71.5505 Y93.3618 Z-1.0000 S24000
G1 F1000 X71.3972 Y93.4378 Z-1.0000 S24000
G1 F1000 X71.2329 Y93.5185 Z-1.0000 S24000
G1 F1000 X71.0783 Y93.5937 Z-1.0000 S24000
G1 F1000 X70.9189 Y93.6706 Z-1.0000 S24000
G1 F1000 X70.7537 Y93.7495 Z-1.0000 S24000
G1 F1000 X70.5999 Y93.8223 Z-1.0000 S24000
G1 F1000 X70.4340 Y93.8999 Z-1.0000 S24000
G1 F1000 X70.2778 Y93.9725 Z-1.0000 S24000
G1 F1000 X70.1117 Y94.0488 Z-1.0000 S24000
G1 F1000 X69.9502 Y94.1223 Z-1.0000 S24000
G1 F1000 X69.7881 Y94.1954 Z-1.0000 S24000
G1 F1000 X69.6311 Y94.2655 Z-1.0000 S24000
G1 F1000 X69.6311 Y94.2654 Z-1.0000 S24000
G1 F1000 X69.4636 Y94.3395 Z-1.0000 S24000
G1 F1000 X69.3070 Y94.4080 Z-1.0000 S24000
G1 F1000 X69.1443 Y94.4785 Z-1.0000 S24000
G1 F1000 X68.9821 Y94.5481 Z-1.0000 S24000
G1 F1000 X68.8182 Y94.6176 Z-1.0000 S24000
G1 F1000 X68.6552 Y94.6861 Z-1.0000 S24000
G1 F1000 X68.4861 Y94.7564 Z-1.0000 S24000
G1 F1000 X68.3279 Y94.8215 Z-1.0000 S24000
G1 F1000 X68.1583 Y94.8905 Z-1.0000 S24000
G1 F1000 X67.9986 Y94.9548 Z-1.0000 S24000
G1 F1000 X67.8286 Y95.0226 Z-1.0000 S24000
G1 F1000 X67.6697 Y95.0853 Z-1.0000 S24000
G1 F1000 X67.4994 Y95.1517 Z-1.0000 S24000
G1 F1000 X67.3335 Y95.2157 Z-1.0000 S24000
G1 F1000 X67.1740 Y95.2766 Z-1.0000 S24000
G1 F1000 X67.0026 Y95.3412 Z-1.0000 S24000
G1 F1000 X66.8413 Y95.4014 Z-1.0000 S24000
G1 F1000 X66.6751 Y95.4627 Z-1.0000 S24000
G1 F1000 X66.5087 Y95.5234 Z-1.0000 S24000
G1 F1000 X66.3365 Y95.5855 Z-1.0000 S24000
G1 F1000 X66.1694 Y95.6451 Z-1.0000 S24000
G1 F1000 X66.0082 Y95.7019 Z-1.0000 S24000
G1 F1000 X65.8354 Y95.7620 Z-1.0000 S24000
G1 F1000 X65.6670 Y95.8200 Z-1.0000 S24000
G1 F1000 X65.5053 Y95.8749 Z-1.0000 S24000
G1 F1000 X65.3370 Y95.9314 Z-1.0000 S24000
G1 F1000 X65.1633 Y95.9890 Z-1.0000 S24000
G1 F1000 X65.0000 Y96.0425 Z-1.0000 S24000
G1 F1000 X64.8261 Y96.0988 Z-1.0000 S24000
G1 F1000 X64.6625 Y96.1510 Z-1.0000 S24000
G1 F1000 X64.4883 Y96.2060 Z-1.0000 S24000
G1 F1000 X64.3252 Y96.2567 Z-1.0000 S24000
G1 F1000 X64.1502 Y96.3104 Z-1.0000 S24000
G1 F1000 X63.9796 Y96.3622 Z-1.0000 S24000
G1 F1000 X63.8158 Y96.4113 Z-1.0000 S24000
G1 F1000 X63.8158 Y96.4112 Z-1.0000 S24000
G1 F1000 X63.6403 Y96.4630 Z-1.0000 S24000
G1 F1000 X63.4700 Y96.5126 Z-1.0000 S24000
G1 F1000 X63.3056 Y96.5598 Z-1.0000 S24000
G1 F1000 X63.1349 Y96.6081 Z-1.0000 S24000
G1 F1000 X62.9586 Y96.6573 Z-1.0000 S24000
G1 F1000 X62.9586 Y96.6574 Z-1.0000 S24000
G1 F1000 X62.7934 Y96.7028 Z-1.0000 S24000
G1 F1000 X62.6176 Y96.7505 Z-1.0000 S24000
G1 F1000 X62.4501 Y96.7952 Z-1.0000 S24000
G1 F1000 X62.2757 Y96.8412 Z-1.0000 S24000
G1 F1000 X62.1028 Y96.8860 Z-1.0000 S24000
G1 F1000 X62.1028 Y96.8861 Z-1.0000 S24000
G1 F1000 X61.9360 Y96.9286 Z-1.0000 S24000
G1 F1000 X61.7584 Y96.9733 Z-1.0000 S24000
G1 F1000 X61.5867 Y97.0158 Z-1.0000 S24000
G1 F1000 X61.4200 Y97.0564 Z-1.0000 S24000
G1 F1000 X61.2473 Y97.0978 Z-1.0000 S24000
G1 F1000 X61.0754 Y97.1384 Z-1.0000 S24000
G1 F1000 X60.8969 Y97.1798 Z-1.0000 S24000
G1 F1000 X60.8969 Y97.1799 Z-1.0000 S24000
G1 F1000 X60.7268 Y97.2187 Z-1.0000 S24000
G1 F1000 X60.5563 Y97.2569 Z-1.0000 S24000
G1 F1000 X60.5563 Y97.2568 Z-1.0000 S24000
G1 F1000 X60.3774 Y97.2963 Z-1.0000 S24000
G1 F1000 X60.3774 Y97.2964 Z-1.0000 S24000
G1 F1000 X60.2104 Y97.3325 Z-1.0000 S24000
G1 F1000 X60.2104 Y97.3324 Z-1.0000 S24000
G1 F1000 X60.0313 Y97.3705 Z-1.0000 S24000
G1 F1000 X59.8580 Y97.4067 Z-1.0000 S24000
G1 F1000 X59.6903 Y97.4411 Z-1.0000 S24000
G1 F1000 X59.5107 Y97.4772 Z-1.0000 S24000
G1 F1000 X59.3427 Y97.5104 Z-1.0000 S24000
G1 F1000 X59.1631 Y97.5451 Z-1.0000 S24000
G1 F1000 X59.1631 Y97.5452 Z-1.0000 S24000
G1 F1000 X58.9949 Y97.5771 Z-1.0000 S24000
G1 F1000 X58.8148 Y97.6105 Z-1.0000 S24000
G1 F1000 X58.6454 Y97.6414 Z-1.0000 S24000
G1 F1000 X58.4715 Y97.6724 Z-1.0000 S24000
G1 F1000 X58.2912 Y97.7038 Z-1.0000 S24000
G1 F1000 X58.1161 Y97.7337 Z-1.0000 S24000
G1 F1000 X57.9465 Y97.7620 Z-1.0000 S24000
G1 F1000 X57.7658 Y97.7915 Z-1.0000 S24000
G1 F1000 X57.5964 Y97.8185 Z-1.0000 S24000
G1 F1000 X57.4155 Y97.8467 Z-1.0000 S24000
G1 F1000 X57.2438 Y97.8728 Z-1.0000 S24000
G1 F1000 X57.0713 Y97.8983 Z-1.0000 S24000
G1 F1000 X56.8902 Y97.9244 Z-1.0000 S24000
G1 F1000 X56.7196 Y97.9484 Z-1.0000 S24000
G1 F1000 X56.5381 Y97.9733 Z-1.0000 S24000
G1 F1000 X56.3685 Y97.9959 Z-1.0000 S24000
G1 F1000 X56.1870 Y98.0194 Z-1.0000 S24000
G1 F1000 X56.1870 Y98.0195 Z-1.0000 S24000
G1 F1000 X56.0167 Y98.0408 Z-1.0000 S24000
G1 F1000 X55.8350 Y98.0630 Z-1.0000 S24000
G1 F1000 X55.6644 Y98.0832 Z-1.0000 S24000
G1 F1000 X55.4890 Y98.1033 Z-1.0000 S24000
G1 F1000 X55.3126 Y98.1228 Z-1.0000 S24000
G1 F1000 X55.1306 Y98.1423 Z-1.0000 S24000
G1 F1000 X54.9599 Y98.1601 Z-1.0000 S24000
G1 F1000 X54.9599 Y98.1600 Z-1.0000 S24000
G1 F1000 X54.7775 Y98.1782 Z-1.0000 S24000
G1 F1000 X54.6036 Y98.1950 Z-1.0000 S24000
G1 F1000 X54.4304 Y98.2110 Z-1.0000 S24000
G1 F1000 X54.2480 Y98.2272 Z-1.0000 S24000
G1 F1000 X54.0715 Y98.2422 Z-1.0000 S24000
G1 F1000 X53.9001 Y98.2562 Z-1.0000 S24000
G1 F1000 X53.7238 Y98.2699 Z-1.0000 S24000
G1 F1000 X53.5466 Y98.2830 Z-1.0000 S24000
G1 F1000 X53.3638 Y98.2959 Z-1.0000 S24000
G1 F1000 X53.1870 Y98.3077 Z-1.0000 S24000
G1 F1000 X53.0095 Y98.3190 Z-1.0000 S24000
G1 F1000 X52.8382 Y98.3291 Z-1.0000 S24000
G1 F1000 X52.6624 Y98.3390 Z-1.0000 S24000
G1 F1000 X52.4794 Y98.3485 Z-1.0000 S24000
G1 F1000 X52.3068 Y98.3569 Z-1.0000 S24000
G1 F1000 X52.1270 Y98.3651 Z-1.0000 S24000
G1 F1000 X51.9482 Y98.3724 Z-1.0000 S24000
G1 F1000 X51.9482 Y98.3725 Z-1.0000 S24000
G1 F1000 X51.7764 Y98.3790 Z-1.0000 S24000
G1 F1000 X51.5982 Y98.3850 Z-1.0000 S24000
G1 F1000 X51.4155 Y98.3906 Z-1.0000 S24000
G1 F1000 X51.4155 Y98.3907 Z-1.0000 S24000
G1 F1000 X51.2439 Y98.3953 Z-1.0000 S24000
G1 F1000 X51.2439 Y98.3952 Z-1.0000 S24000
G1 F1000 X51.0608 Y98.3995 Z-1.0000 S24000
G1 F1000 X50.8881 Y98.4029 Z-1.0000 S24000
G1 F1000 X50.7118 Y98.4058 Z-1.0000 S24000
G1 F1000 X50.5289 Y98.4081 Z-1.0000 S24000
G1 F1000 X50.5289 Y98.4082 Z-1.0000 S24000
G1 F1000 X50.3571 Y98.4097 Z-1.0000 S24000
G1 F1000 X50.3571 Y98.4096 Z-1.0000 S24000
G1 F1000 X50.1739 Y98.4106 Z-1.0000 S24000
G1 F1000 X49.9992 Y98.4110 Z-1.0000 S24000
G1 F1000 X49.8246 Y98.4106 Z-1.0000 S24000
G1 F1000 X49.6414 Y98.4096 Z-1.0000 S24000
G1 F1000 X49.6414 Y98.4097 Z-1.0000 S24000
G1 F1000 X49.4696 Y98.4082 Z-1.0000 S24000
G1 F1000 X49.4696 Y98.4081 Z-1.0000 S24000
G1 F1000 X49.2867 Y98.4058 Z-1.0000 S24000
G1 F1000 X49.1103 Y98.4029 Z-1.0000 S24000
G1 F1000 X48.9377 Y98.3995 Z-1.0000 S24000
G1 F1000 X48.7546 Y98.3952 Z-1.0000 S24000
G1 F1000 X48.7546 Y98.3953 Z-1.0000 S24000
G1 F1000 X48.5830 Y98.3907 Z-1.0000 S24000
G1 F1000 X48.5830 Y98.3906 Z-1.0000 S24000
G1 F1000 X48.4002 Y98.3850 Z-1.0000 S24000
G1 F1000 X48.2221 Y98.3790 Z-1.0000 S24000
G1 F1000 X48.0503 Y98.3725 Z-1.0000 S24000
G1 F1000 X48.0503 Y98.3724 Z-1.0000 S24000
G1 F1000 X47.8715 Y98.3651 Z-1.0000 S24000
G1 F1000 X47.6917 Y98.3569 Z-1.0000 S24000
G1 F1000 X47.5191 Y98.3485 Z-1.0000 S24000
G1 F1000 X47.3361 Y98.3390 Z-1.0000 S24000
G1 F1000 X47.1602 Y98.3291 Z-1.0000 S24000
G1 F1000 X46.9889 Y98.3190 Z-1.0000 S24000
G1 F1000 X46.8114 Y98.3077 Z-1.0000 S24000
G1 F1000 X46.6346 Y98.2959 Z-1.0000 S24000
G1 F1000 X46.4519 Y98.2830 Z-1.0000 S24000
G1 F1000 X46.2745 Y98.2699 Z-1.0000 S24000
G1 F1000 X46.0983 Y98.2562 Z-1.0000 S24000
G1 F1000 X45.9269 Y98.2422 Z-1.0000 S24000
G1 F1000 X45.7504 Y98.2272 Z-1.0000 S24000
G1 F1000 X45.5680 Y98.2110 Z-1.0000 S24000
G1 F1000 X45.3948 Y98.1950 Z-1.0000 S24000
G1 F1000 X45.2209 Y98.1782 Z-1.0000 S24000
G1 F1000 X45.0385 Y98.1600 Z-1.0000 S24000
G1 F1000 X45.0385 Y98.1601 Z-1.0000 S24000
G1 F1000 X44.8678 Y98.1423 Z-1.0000 S24000
G1 F1000 X44.6858 Y98.1228 Z-1.0000 S24000
G1 F1000 X44.5094 Y98.1033 Z-1.0000 S24000
G1 F1000 X44.3384 Y98.0837 Z-1.0000 S24000
G1 F1000 X44.1634 Y98.0630 Z-1.0000 S24000
G1 F1000 X43.9816 Y98.0408 Z-1.0000 S24000
G1 F1000 X43.8115 Y98.0194 Z-1.0000 S24000
G1 F1000 X43.6300 Y97.9959 Z-1.0000 S24000
G1 F1000 X43.4604 Y97.9733 Z-1.0000 S24000
G1 F1000 X43.2790 Y97.9484 Z-1.0000 S24000
G1 F1000 X43.2790 Y97.9485 Z-1.0000 S24000
G1 F1000 X43.1029 Y97.9237 Z-1.0000 S24000
G1 F1000 X42.9310 Y97.8989 Z-1.0000 S24000
G1 F1000 X42.7578 Y97.8733 Z-1.0000 S24000
G1 F1000 X42.5829 Y97.8467 Z-1.0000 S24000
G1 F1000 X42.4020 Y97.8185 Z-1.0000 S24000
G1 F1000 X42.2326 Y97.7915 Z-1.0000 S24000
G1 F1000 X42.0519 Y97.7620 Z-1.0000 S24000
G1 F1000 X41.8771 Y97.7328 Z-1.0000 S24000
G1 F1000 X41.7073 Y97.7038 Z-1.0000 S24000
G1 F1000 X41.5270 Y97.6724 Z-1.0000 S24000
G1 F1000 X41.3531 Y97.6414 Z-1.0000 S24000
G1 F1000 X41.1837 Y97.6105 Z-1.0000 S24000
G1 F1000 X41.0036 Y97.5771 Z-1.0000 S24000
G1 F1000 X40.8353 Y97.5451 Z-1.0000 S24000
G1 F1000 X40.6609 Y97.5114 Z-1.0000 S24000
G1 F1000 X40.4877 Y97.4772 Z-1.0000 S24000
G1 F1000 X40.3113 Y97.4417 Z-1.0000 S24000
G1 F1000 X40.1352 Y97.4056 Z-1.0000 S24000
G1 F1000 X39.9658 Y97.3703 Z-1.0000 S24000
G1 F1000 X39.7931 Y97.3335 Z-1.0000 S24000
G1 F1000 X39.6140 Y97.2948 Z-1.0000 S24000
G1 F1000 X39.4423 Y97.2569 Z-1.0000 S24000
G1 F1000 X39.2717 Y97.2187 Z-1.0000 S24000
G1 F1000 X39.1016 Y97.1799 Z-1.0000 S24000
G1 F1000 X39.1016 Y97.1798 Z-1.0000 S24000
G1 F1000 X38.9231 Y97.1384 Z-1.0000 S24000
G1 F1000 X38.9231 Y97.1385 Z-1.0000 S24000
G1 F1000 X38.7560 Y97.0990 Z-1.0000 S24000
G1 F1000 X38.5839 Y97.0577 Z-1.0000 S24000
G1 F1000 X38.4062 Y97.0144 Z-1.0000 S24000
G1 F1000 X38.2340 Y96.9718 Z-1.0000 S24000
G1 F1000 X38.0622 Y96.9286 Z-1.0000 S24000
G1 F1000 X37.8954 Y96.8860 Z-1.0000 S24000
G1 F1000 X37.7218 Y96.8410 Z-1.0000 S24000
G1 F1000 X37.5531 Y96.7965 Z-1.0000 S24000
G1 F1000 X37.3808 Y96.7505 Z-1.0000 S24000
G1 F1000 X37.2050 Y96.7028 Z-1.0000 S24000
G1 F1000 X37.0400 Y96.6574 Z-1.0000 S24000
G1 F1000 X36.8692 Y96.6097 Z-1.0000 S24000
G1 F1000 X36.6929 Y96.5598 Z-1.0000 S24000
G1 F1000 X36.5285 Y96.5126 Z-1.0000 S24000
G1 F1000 X36.3582 Y96.4630 Z-1.0000 S24000
G1 F1000 X36.1827 Y96.4112 Z-1.0000 S24000
G1 F1000 X36.0148 Y96.3610 Z-1.0000 S24000
G1 F1000 X35.8482 Y96.3104 Z-1.0000 S24000
G1 F1000 X35.6732 Y96.2567 Z-1.0000 S24000
G1 F1000 X35.5106 Y96.2061 Z-1.0000 S24000
G1 F1000 X35.3360 Y96.1510 Z-1.0000 S24000
G1 F1000 X35.1724 Y96.0988 Z-1.0000 S24000
G1 F1000 X34.9981 Y96.0424 Z-1.0000 S24000
G1 F1000 X34.8352 Y95.9890 Z-1.0000 S24000
G1 F1000 X34.6615 Y95.9314 Z-1.0000 S24000
G1 F1000 X34.4932 Y95.8749 Z-1.0000 S24000
G1 F1000 X34.3315 Y95.8200 Z-1.0000 S24000
G1 F1000 X34.1631 Y95.7620 Z-1.0000 S24000
G1 F1000 X33.9903 Y95.7019 Z-1.0000 S24000
G1 F1000 X33.8291 Y95.6451 Z-1.0000 S24000
G1 F1000 X33.6618 Y95.5854 Z-1.0000 S24000
G1 F1000 X33.4895 Y95.5233 Z-1.0000 S24000
G1 F1000 X33.3233 Y95.4627 Z-1.0000 S24000
G1 F1000 X33.1571 Y95.4014 Z-1.0000 S24000
G1 F1000 X32.9961 Y95.3413 Z-1.0000 S24000
G1 F1000 X32.8248 Y95.2767 Z-1.0000 S24000
G1 F1000 X32.8248 Y95.2768 Z-1.0000 S24000
G1 F1000 X32.6650 Y95.2157 Z-1.0000 S24000
G1 F1000 X32.4942 Y95.1498 Z-1.0000 S24000
G1 F1000 X32.3287 Y95.0853 Z-1.0000 S24000
G1 F1000 X32.1696 Y95.0225 Z-1.0000 S24000
G1 F1000 X31.9995 Y94.9547 Z-1.0000 S24000
G1 F1000 X31.8355 Y94.8886 Z-1.0000 S24000
G1 F1000 X31.6722 Y94.8222 Z-1.0000 S24000
G1 F1000 X31.5069 Y94.7542 Z-1.0000 S24000
G1 F1000 X31.3490 Y94.6885 Z-1.0000 S24000
G1 F1000 X31.1803 Y94.6176 Z-1.0000 S24000
G1 F1000 X31.0222 Y94.5506 Z-1.0000 S24000
G1 F1000 X31.0222 Y94.5505 Z-1.0000 S24000
G1 F1000 X30.8538 Y94.4783 Z-1.0000 S24000
G1 F1000 X30.8538 Y94.4784 Z-1.0000 S24000
G1 F1000 X30.6963 Y94.4101 Z-1.0000 S24000
G1 F1000 X30.5349 Y94.3395 Z-1.0000 S24000
G1 F1000 X30.3674 Y94.2654 Z-1.0000 S24000
G1 F1000 X30.2043 Y94.1927 Z-1.0000 S24000
G1 F1000 X30.0483 Y94.1223 Z-1.0000 S24000
G1 F1000 X29.8817 Y94.0465 Z-1.0000 S24000
G1 F1000 X29.7203 Y93.9724 Z-1.0000 S24000
G1 F1000 X29.5609 Y93.8983 Z-1.0000 S24000
G1 F1000 X29.4049 Y93.8253 Z-1.0000 S24000
G1 F1000 X29.2394 Y93.7470 Z-1.0000 S24000
G1 F1000 X29.0852 Y93.6733 Z-1.0000 S24000
G1 F1000 X28.9202 Y93.5937 Z-1.0000 S24000
G1 F1000 X28.7656 Y93.5185 Z-1.0000 S24000
G1 F1000 X28.6013 Y93.4378 Z-1.0000 S24000
G1 F1000 X28.4480 Y93.3618 Z-1.0000 S24000
G1 F1000 X28.2842 Y93.2798 Z-1.0000 S24000
G1 F1000 X28.1308 Y93.2024 Z-1.0000 S24000
G1 F1000 X27.9677 Y93.1193 Z-1.0000 S24000
G1 F1000 X27.8101 Y93.0383 Z-1.0000 S24000
G1 F1000 X27.6575 Y92.9590 Z-1.0000 S24000
G1 F1000 X27.4952 Y92.8741 Z-1.0000 S24000
G1 F1000 X27.3443 Y92.7943 Z-1.0000 S24000
G1 F1000 X27.1828 Y92.7082 Z-1.0000 S24000
G1 F1000 X27.0263 Y92.6241 Z-1.0000 S24000
G1 F1000 X26.8759 Y92.5426 Z-1.0000 S24000
G1 F1000 X26.8759 Y92.5425 Z-1.0000 S24000
G1 F1000 X26.7153 Y92.4546 Z-1.0000 S24000
G1 F1000 X26.7153 Y92.4547 Z-1.0000 S24000
G1 F1000 X26.5594 Y92.3687 Z-1.0000 S24000
G1 F1000 X26.4103 Y92.2856 Z-1.0000 S24000
G1 F1000 X26.2506 Y92.1959 Z-1.0000 S24000
G1 F1000 X26.0961 Y92.1084 Z-1.0000 S24000
G1 F1000 X25.9476 Y92.0236 Z-1.0000 S24000
G1 F1000 X25.7936 Y91.9348 Z-1.0000 S24000
G1 F1000 X25.6352 Y91.8428 Z-1.0000 S24000
G1 F1000 X25.4826 Y91.7534 Z-1.0000 S24000
G1 F1000 X25.3297 Y91.6631 Z-1.0000 S24000
G1 F1000 X25.1825 Y91.5753 Z-1.0000 S24000
G1 F1000 X25.0255 Y91.4810 Z-1.0000 S24000
G1 F1000 X24.8742 Y91.3893 Z-1.0000 S24000
G1 F1000 X24.7276 Y91.2998 Z-1.0000 S24000
G1 F1000 X24.5717 Y91.2038 Z-1.0000 S24000
G1 F1000 X24.4215 Y91.1105 Z-1.0000 S24000
G1 F1000 X24.2707 Y91.0161 Z-1.0000 S24000
G1 F1000 X24.1210 Y90.9216 Z-1.0000 S24000
G1 F1000 X23.9714 Y90.8264 Z-1.0000 S24000
G1 F1000 X23.8274 Y90.7341 Z-1.0000 S24000
G1 F1000 X23.6736 Y90.6346 Z-1.0000 S24000
G1 F1000 X23.5301 Y90.5411 Z-1.0000 S24000
G1 F1000 X23.3771 Y90.4405 Z-1.0000 S24000
G1 F1000 X23.2285 Y90.3422 Z-1.0000 S24000
G1 F1000 X23.0816 Y90.2441 Z-1.0000 S24000
G1 F1000 X22.9338 Y90.1447 Z-1.0000 S24000
G1 F1000 X22.7879 Y90.0457 Z-1.0000 S24000
G1 F1000 X22.6461 Y89.9488 Z-1.0000 S24000
G1 F1000 X22.6461 Y89.9487 Z-1.0000 S24000
G1 F1000 X22.4953 Y89.8448 Z-1.0000 S24000
G1 F1000 X22.3489 Y89.7433 Z-1.0000 S24000
G1 F1000 X22.2039 Y89.6419 Z-1.0000 S24000
G1 F1000 X22.0641 Y89.5433 Z-1.0000 S24000
G1 F1000 X21.9148 Y89.4372 Z-1.0000 S24000
G1 F1000 X21.7756 Y89.3374 Z-1.0000 S24000
G1 F1000 X21.6271 Y89.2302 Z-1.0000 S24000
G1 F1000 X21.4829 Y89.1255 Z-1.0000 S24000
G1 F1000 X21.3447 Y89.0241 Z-1.0000 S24000
G1 F1000 X21.1974 Y88.9154 Z-1.0000 S24000
G1 F1000 X21.1974 Y88.9155 Z-1.0000 S24000
G1 F1000 X21.0610 Y88.8140 Z-1.0000 S24000
G1 F1000 X21.0610 Y88.8139 Z-1.0000 S24000
G1 F1000 X20.9146 Y88.7040 Z-1.0000 S24000
G1 F1000 X20.7719 Y88.5963 Z-1.0000 S24000
G1 F1000 X20.6317 Y88.4895 Z-1.0000 S24000
G1 F1000 X20.4947 Y88.3844 Z-1.0000 S24000
G1 F1000 X20.3498 Y88.2725 Z-1.0000 S24000
G1 F1000 X20.3498 Y88.2726 Z-1.0000 S24000
G1 F1000 X20.2155 Y88.1681 Z-1.0000 S24000
G1 F1000 X20.2156 Y88.1680 Z-1.0000 S24000
G1 F1000 X20.0716 Y88.0549 Z-1.0000 S24000
G1 F1000 X19.9313 Y87.9441 Z-1.0000 S24000
G1 F1000 X19.7934 Y87.8342 Z-1.0000 S24000
G1 F1000 X19.6544 Y87.7228 Z-1.0000 S24000
G1 F1000 X19.5217 Y87.6155 Z-1.0000 S24000
G1 F1000 X19.3801 Y87.5001 Z-1.0000 S24000
G1 F1000 X19.2424 Y87.3871 Z-1.0000 S24000
G1 F1000 X19.1050 Y87.2737 Z-1.0000 S24000
G1 F1000 X18.9695 Y87.1608 Z-1.0000 S24000
G1 F1000 X18.8340 Y87.0471 Z-1.0000 S24000
G1 F1000 X18.7026 Y86.9360 Z-1.0000 S24000
G1 F1000 X18.5632 Y86.8173 Z-1.0000 S24000
G1 F1000 X18.4326 Y86.7053 Z-1.0000 S24000
G1 F1000 X18.2946 Y86.5860 Z-1.0000 S24000
G1 F1000 X18.1606 Y86.4694 Z-1.0000 S24000
G1 F1000 X18.0317 Y86.3564 Z-1.0000 S24000
G1 F1000 X17.8945 Y86.2352 Z-1.0000 S24000
G1 F1000 X17.7623 Y86.1175 Z-1.0000 S24000
G1 F1000 X17.6319 Y86.0007 Z-1.0000 S24000
G1 F1000 X17.5025 Y85.8837 Z-1.0000 S24000
G1 F1000 X17.3670 Y85.7605 Z-1.0000 S24000
G1 F1000 X17.2410 Y85.6451 Z-1.0000 S24000
G1 F1000 X17.1065 Y85.5209 Z-1.0000 S24000
G1 F1000 X16.9760 Y85.3996 Z-1.0000 S24000
G1 F1000 X16.8468 Y85.2786 Z-1.0000 S24000
G1 F1000 X16.7204 Y85.1594 Z-1.0000 S24000
G1 F1000 X16.5898 Y85.0352 Z-1.0000 S24000
G1 F1000 X16.4611 Y84.9120 Z-1.0000 S24000
G1 F1000 X16.3381 Y84.7934 Z-1.0000 S24000
G1 F1000 X16.2068 Y84.6658 Z-1.0000 S24000
G1 F1000 X16.0794 Y84.5413 Z-1.0000 S24000
G1 F1000 X15.9534 Y84.4171 Z-1.0000 S24000
G1 F1000 X15.8278 Y84.2924 Z-1.0000 S24000
G1 F1000 X15.7022 Y84.1668 Z-1.0000 S24000
G1 F1000 X15.5810 Y84.0447 Z-1.0000 S24000
G1 F1000 X15.4529 Y83.9147 Z-1.0000 S24000
G1 F1000 X15.3287 Y83.7878 Z-1.0000 S24000
G1 F1000 X15.2059 Y83.6612 Z-1.0000 S24000
G1 F1000 X15.0861 Y83.5369 Z-1.0000 S24000
G1 F1000 X14.9595 Y83.4047 Z-1.0000 S24000
G1 F1000 X14.8375 Y83.2763 Z-1.0000 S24000
G1 F1000 X14.7199 Y83.1517 Z-1.0000 S24000
G1 F1000 X14.5947 Y83.0180 Z-1.0000 S24000
G1 F1000 X14.5946 Y83.0181 Z-1.0000 S24000
G1 F1000 X14.4737 Y82.8880 Z-1.0000 S24000
G1 F1000 X14.3538 Y82.7580 Z-1.0000 S24000
G1 F1000 X14.2380 Y82.6315 Z-1.0000 S24000
G1 F1000 X14.1148 Y82.4960 Z-1.0000 S24000
G1 F1000 X14.1147 Y82.4960 Z-1.0000 S24000
G1 F1000 X13.9991 Y82.3679 Z-1.0000 S24000
G1 F1000 X13.8813 Y82.2366 Z-1.0000 S24000
G1 F1000 X13.7596 Y82.0998 Z-1.0000 S24000
G1 F1000 X13.6421 Y81.9668 Z-1.0000 S24000
G1 F1000 X13.5254 Y81.8337 Z-1.0000 S24000
G1 F1000 X13.4125 Y81.7039 Z-1.0000 S24000
G1 F1000 X13.2928 Y81.5654 Z-1.0000 S24000
G1 F1000 X13.1776 Y81.4311 Z-1.0000 S24000
G1 F1000 X13.0625 Y81.2959 Z-1.0000 S24000
G1 F1000 X12.9518 Y81.1649 Z-1.0000 S24000
G1 F1000 X12.8341 Y81.0246 Z-1.0000 S24000
G1 F1000 X12.7205 Y80.8882 Z-1.0000 S24000
G1 F1000 X12.6078 Y80.7518 Z-1.0000 S24000
G1 F1000 X12.4947 Y80.6141 Z-1.0000 S24000
G1 F1000 X12.3834 Y80.4774 Z-1.0000 S24000
G1 F1000 X12.2718 Y80.3393 Z-1.0000 S24000
G1 F1000 X12.1607 Y80.2008 Z-1.0000 S24000
G1 F1000 X12.0540 Y80.0667 Z-1.0000 S24000
G1 F1000 X11.9404 Y79.9230 Z-1.0000 S24000
G1 F1000 X11.8343 Y79.7877 Z-1.0000 S24000
G1 F1000 X11.7218 Y79.6433 Z-1.0000 S24000
G1 F1000 X11.6141 Y79.5038 Z-1.0000 S24000
G1 F1000 X11.6140 Y79.5038 Z-1.0000 S24000
G1 F1000 X11.5093 Y79.3673 Z-1.0000 S24000
G1 F1000 X11.4018 Y79.2260 Z-1.0000 S24000
G1 F1000 X11.2914 Y79.0799 Z-1.0000 S24000
G1 F1000 X11.1850 Y78.9381 Z-1.0000 S24000
G1 F1000 X11.0826 Y78.8005 Z-1.0000 S24000
G1 F1000 X10.9738 Y78.6532 Z-1.0000 S24000
G1 F1000 X10.8693 Y78.5105 Z-1.0000 S24000
G1 F1000 X10.7649 Y78.3669 Z-1.0000 S24000
G1 F1000 X10.6615 Y78.2235 Z-1.0000 S24000
G1 F1000 X10.5581 Y78.0791 Z-1.0000 S24000
G1 F1000 X10.4549 Y77.9340 Z-1.0000 S24000
G1 F1000 X10.3565 Y77.7944 Z-1.0000 S24000
G1 F1000 X10.2520 Y77.6449 Z-1.0000 S24000
G1 F1000 X10.1536 Y77.5032 Z-1.0000 S24000
G1 F1000 X10.0497 Y77.3524 Z-1.0000 S24000
G1 F1000 X10.0496 Y77.3524 Z-1.0000 S24000
G1 F1000 X9.9534 Y77.2116 Z-1.0000 S24000
G1 F1000 X9.8507 Y77.0600 Z-1.0000 S24000
G1 F1000 X9.7513 Y76.9123 Z-1.0000 S24000
G1 F1000 X9.6527 Y76.7646 Z-1.0000 S24000
G1 F1000 X9.5583 Y76.6220 Z-1.0000 S24000
G1 F1000 X9.4578 Y76.4690 Z-1.0000 S24000
G1 F1000 X9.3608 Y76.3203 Z-1.0000 S24000
G1 F1000 X9.2648 Y76.1717 Z-1.0000 S24000
G1 F1000 X9.1723 Y76.0277 Z-1.0000 S24000
G1 F1000 X9.1724 Y76.0277 Z-1.0000 S24000
G1 F1000 X9.0742 Y75.8732 Z-1.0000 S24000
G1 F1000 X8.9792 Y75.7227 Z-1.0000 S24000
G1 F1000 X8.8852 Y75.5725 Z-1.0000 S24000
G1 F1000 X8.7914 Y75.4215 Z-1.0000 S24000
G1 F1000 X8.6987 Y75.2709 Z-1.0000 S24000
G1 F1000 X8.6065 Y75.1199 Z-1.0000 S24000
G1 F1000 X8.5173 Y74.9726 Z-1.0000 S24000
G1 F1000 X8.4230 Y74.8157 Z-1.0000 S24000
G1 F1000 X8.3325 Y74.6638 Z-1.0000 S24000
G1 F1000 X8.2454 Y74.5165 Z-1.0000 S24000
G1 F1000 X8.1529 Y74.3585 Z-1.0000 S24000
G1 F1000 X8.0637 Y74.2049 Z-1.0000 S24000
G1 F1000 X7.9749 Y74.0509 Z-1.0000 S24000
G1 F1000 X7.8897 Y73.9017 Z-1.0000 S24000
G1 F1000 X7.7994 Y73.7424 Z-1.0000 S24000
G1 F1000 X7.7158 Y73.5935 Z-1.0000 S24000
G1 F1000 X7.6268 Y73.4336 Z-1.0000 S24000
G1 F1000 X7.5410 Y73.2781 Z-1.0000 S24000
G1 F1000 X7.4559 Y73.1226 Z-1.0000 S24000
G1 F1000 X7.4558 Y73.1226 Z-1.0000 S24000
G1 F1000 X7.3743 Y72.9722 Z-1.0000 S24000
G1 F1000 X7.2876 Y72.8109 Z-1.0000 S24000
G1 F1000 X7.2041 Y72.6542 Z-1.0000 S24000
G1 F1000 X7.1215 Y72.4978 Z-1.0000 S24000
G1 F1000 X7.0395 Y72.3410 Z-1.0000 S24000
G1 F1000 X6.9572 Y72.1826 Z-1.0000 S24000
G1 F1000 X6.8788 Y72.0301 Z-1.0000 S24000
G1 F1000 X6.7961 Y71.8677 Z-1.0000 S24000
G1 F1000 X6.7960 Y71.8677 Z-1.0000 S24000
G1 F1000 X6.7188 Y71.7149 Z-1.0000 S24000
G1 F1000 X6.7189 Y71.7149 Z-1.0000 S24000
G1 F1000 X6.6370 Y71.5511 Z-1.0000 S24000
G1 F1000 X6.5581 Y71.3920 Z-1.0000 S24000
G1 F1000 X6.4800 Y71.2329 Z-1.0000 S24000
G1 F1000 X6.4050 Y71.0791 Z-1.0000 S24000
G1 F1000 X6.4051 Y71.0791 Z-1.0000 S24000
G1 F1000 X6.3256 Y70.9141 Z-1.0000 S24000
G1 F1000 X6.2490 Y70.7538 Z-1.0000 S24000
G1 F1000 X6.1757 Y70.5988 Z-1.0000 S24000
G1 F1000 X6.0980 Y70.4330 Z-1.0000 S24000
G1 F1000 X6.0233 Y70.2722 Z-1.0000 S24000
G1 F1000 X5.9497 Y70.1118 Z-1.0000 S24000
G1 F1000 X5.8761 Y69.9502 Z-1.0000 S24000
G1 F1000 X5.8033 Y69.7886 Z-1.0000 S24000
G1 F1000 X5.7308 Y69.6262 Z-1.0000 S24000
G1 F1000 X5.6592 Y69.4642 Z-1.0000 S24000
G1 F1000 X5.5881 Y69.3018 Z-1.0000 S24000
G1 F1000 X5.5201 Y69.1447 Z-1.0000 S24000
G1 F1000 X5.5202 Y69.1447 Z-1.0000 S24000
G1 F1000 X5.4480 Y68.9763 Z-1.0000 S24000
G1 F1000 X5.4479 Y68.9763 Z-1.0000 S24000
G1 F1000 X5.3785 Y68.8128 Z-1.0000 S24000
G1 F1000 X5.3103 Y68.6503 Z-1.0000 S24000
G1 F1000 X5.2443 Y68.4916 Z-1.0000 S24000
G1 F1000 X5.1746 Y68.3222 Z-1.0000 S24000
G1 F1000 X5.1077 Y68.1578 Z-1.0000 S24000
G1 F1000 X5.0414 Y67.9933 Z-1.0000 S24000
G1 F1000 X4.9763 Y67.8297 Z-1.0000 S24000
G1 F1000 X4.9108 Y67.6637 Z-1.0000 S24000
G1 F1000 X4.8486 Y67.5043 Z-1.0000 S24000
G1 F1000 X4.7831 Y67.3342 Z-1.0000 S24000
G1 F1000 X4.7830 Y67.3342 Z-1.0000 S24000
G1 F1000 X4.7217 Y67.1737 Z-1.0000 S24000
G1 F1000 X4.7218 Y67.1737 Z-1.0000 S24000
G1 F1000 X4.6572 Y67.0024 Z-1.0000 S24000
G1 F1000 X4.5948 Y66.8355 Z-1.0000 S24000
G1 F1000 X4.5357 Y66.6752 Z-1.0000 S24000
G1 F1000 X4.4730 Y66.5033 Z-1.0000 S24000
G1 F1000 X4.4130 Y66.3367 Z-1.0000 S24000
G1 F1000 X4.3533 Y66.1694 Z-1.0000 S24000
G1 F1000 X4.2947 Y66.0028 Z-1.0000 S24000
G1 F1000 X4.2361 Y65.8346 Z-1.0000 S24000
G1 F1000 X4.1788 Y65.6678 Z-1.0000 S24000
G1 F1000 X4.1214 Y65.4990 Z-1.0000 S24000
G1 F1000 X4.0651 Y65.3314 Z-1.0000 S24000
G1 F1000 X4.0095 Y65.1636 Z-1.0000 S24000
G1 F1000 X3.9559 Y65.0001 Z-1.0000 S24000
G1 F1000 X3.8999 Y64.8267 Z-1.0000 S24000
G1 F1000 X3.8998 Y64.8267 Z-1.0000 S24000
G1 F1000 X3.8476 Y64.6629 Z-1.0000 S24000
G1 F1000 X3.7925 Y64.4882 Z-1.0000 S24000
G1 F1000 X3.7398 Y64.3190 Z-1.0000 S24000
G1 F1000 X3.6877 Y64.1495 Z-1.0000 S24000
G1 F1000 X3.6365 Y63.9805 Z-1.0000 S24000
G1 F1000 X3.5856 Y63.8102 Z-1.0000 S24000
G1 F1000 X3.5355 Y63.6403 Z-1.0000 S24000
G1 F1000 X3.4875 Y63.4756 Z-1.0000 S24000
G1 F1000 X3.4372 Y63.3003 Z-1.0000 S24000
G1 F1000 X3.3885 Y63.1285 Z-1.0000 S24000
G1 F1000 X3.3428 Y62.9648 Z-1.0000 S24000
G1 F1000 X3.2943 Y62.7883 Z-1.0000 S24000
G1 F1000 X3.2475 Y62.6160 Z-1.0000 S24000
G1 F1000 X3.2019 Y62.4454 Z-1.0000 S24000
G1 F1000 X3.1568 Y62.2740 Z-1.0000 S24000
G1 F1000 X3.1125 Y62.1029 Z-1.0000 S24000
G1 F1000 X3.0698 Y61.9361 Z-1.0000 S24000
G1 F1000 X3.0254 Y61.7593 Z-1.0000 S24000
G1 F1000 X2.9824 Y61.5860 Z-1.0000 S24000
G1 F1000 X2.9407 Y61.4148 Z-1.0000 S24000
G1 F1000 X2.8993 Y61.2421 Z-1.0000 S24000
G1 F1000 X2.8601 Y61.0754 Z-1.0000 S24000
G1 F1000 X2.8187 Y60.8969 Z-1.0000 S24000
G1 F1000 X2.8186 Y60.8969 Z-1.0000 S24000
G1 F1000 X2.7801 Y60.7280 Z-1.0000 S24000
G1 F1000 X2.7403 Y60.5507 Z-1.0000 S24000
G1 F1000 X2.7402 Y60.5507 Z-1.0000 S24000
G1 F1000 X2.7034 Y60.3835 Z-1.0000 S24000
G1 F1000 X2.7035 Y60.3835 Z-1.0000 S24000
G1 F1000 X2.6647 Y60.2045 Z-1.0000 S24000
G1 F1000 X2.6279 Y60.0314 Z-1.0000 S24000
G1 F1000 X2.5917 Y59.8581 Z-1.0000 S24000
G1 F1000 X2.5563 Y59.6850 Z-1.0000 S24000
G1 F1000 X2.5210 Y59.5099 Z-1.0000 S24000
G1 F1000 X2.4870 Y59.3371 Z-1.0000 S24000
G1 F1000 X2.4531 Y59.1623 Z-1.0000 S24000
G1 F1000 X2.4212 Y58.9939 Z-1.0000 S24000
G1 F1000 X2.3877 Y58.8139 Z-1.0000 S24000
G1 F1000 X2.3561 Y58.6400 Z-1.0000 S24000
G1 F1000 X2.3250 Y58.4655 Z-1.0000 S24000
G1 F1000 X2.2944 Y58.2903 Z-1.0000 S24000
G1 F1000 X2.2647 Y58.1162 Z-1.0000 S24000
G1 F1000 X2.2354 Y57.9407 Z-1.0000 S24000
G1 F1000 X2.2071 Y57.7668 Z-1.0000 S24000
G1 F1000 X2.1800 Y57.5965 Z-1.0000 S24000
G1 F1000 X2.1518 Y57.4156 Z-1.0000 S24000
G1 F1000 X2.1252 Y57.2407 Z-1.0000 S24000
G1 F1000 X2.0991 Y57.0647 Z-1.0000 S24000
G1 F1000 X2.0739 Y56.8901 Z-1.0000 S24000
G1 F1000 X2.0492 Y56.7143 Z-1.0000 S24000
G1 F1000 X2.0253 Y56.5391 Z-1.0000 S24000
G1 F1000 X2.0018 Y56.3627 Z-1.0000 S24000
G1 F1000 X1.9791 Y56.1871 Z-1.0000 S24000
G1 F1000 X1.9790 Y56.1871 Z-1.0000 S24000
G1 F1000 X1.9577 Y56.0168 Z-1.0000 S24000
G1 F1000 X1.9355 Y55.8351 Z-1.0000 S24000
G1 F1000 X1.9147 Y55.6594 Z-1.0000 S24000
G1 F1000 X1.8951 Y55.4883 Z-1.0000 S24000
G1 F1000 X1.8749 Y55.3065 Z-1.0000 S24000
G1 F1000 X1.8561 Y55.1307 Z-1.0000 S24000
G1 F1000 X1.8384 Y54.9591 Z-1.0000 S24000
G1 F1000 X1.8201 Y54.7767 Z-1.0000 S24000
G1 F1000 X1.8032 Y54.6012 Z-1.0000 S24000
G1 F1000 X1.7870 Y54.4251 Z-1.0000 S24000
G1 F1000 X1.7713 Y54.2481 Z-1.0000 S24000
G1 F1000 X1.7712 Y54.2481 Z-1.0000 S24000
G1 F1000 X1.7561 Y54.0708 Z-1.0000 S24000
G1 F1000 X1.7419 Y53.8951 Z-1.0000 S24000
G1 F1000 X1.7281 Y53.7178 Z-1.0000 S24000
G1 F1000 X1.7149 Y53.5405 Z-1.0000 S24000
G1 F1000 X1.7026 Y53.3648 Z-1.0000 S24000
G1 F1000 X1.6907 Y53.1871 Z-1.0000 S24000
G1 F1000 X1.6796 Y53.0105 Z-1.0000 S24000
G1 F1000 X1.6690 Y52.8331 Z-1.0000 S24000
G1 F1000 X1.6591 Y52.6564 Z-1.0000 S24000
G1 F1000 X1.6499 Y52.4807 Z-1.0000 S24000
G1 F1000 X1.6412 Y52.3017 Z-1.0000 S24000
G1 F1000 X1.6333 Y52.1250 Z-1.0000 S24000
G1 F1000 X1.6262 Y51.9534 Z-1.0000 S24000
G1 F1000 X1.6193 Y51.7704 Z-1.0000 S24000
G1 F1000 X1.6132 Y51.5924 Z-1.0000 S24000
G1 F1000 X1.6078 Y51.4156 Z-1.0000 S24000
G1 F1000 X1.6077 Y51.4156 Z-1.0000 S24000
G1 F1000 X1.6031 Y51.2439 Z-1.0000 S24000
G1 F1000 X1.6032 Y51.2439 Z-1.0000 S24000
G1 F1000 X1.5989 Y51.0609 Z-1.0000 S24000
G1 F1000 X1.5954 Y50.8837 Z-1.0000 S24000
G1 F1000 X1.5925 Y50.7058 Z-1.0000 S24000
G1 F1000 X1.5904 Y50.5299 Z-1.0000 S24000
G1 F1000 X1.5888 Y50.3572 Z-1.0000 S24000
G1 F1000 X1.5878 Y50.1740 Z-1.0000 S24000
G1 F1000 X1.5875 Y50.0019 Z-1.0000 S24000
G1 F1000 X1.5878 Y49.8247 Z-1.0000 S24000
G1 F1000 X1.5888 Y49.6414 Z-1.0000 S24000
G1 F1000 X1.5904 Y49.4688 Z-1.0000 S24000
G1 F1000 X1.5925 Y49.2928 Z-1.0000 S24000
G1 F1000 X1.5954 Y49.1149 Z-1.0000 S24000
G1 F1000 X1.5989 Y48.9378 Z-1.0000 S24000
G1 F1000 X1.6032 Y48.7547 Z-1.0000 S24000
G1 F1000 X1.6031 Y48.7547 Z-1.0000 S24000
G1 F1000 X1.6077 Y48.5831 Z-1.0000 S24000
G1 F1000 X1.6078 Y48.5831 Z-1.0000 S24000
G1 F1000 X1.6132 Y48.4063 Z-1.0000 S24000
G1 F1000 X1.6193 Y48.2283 Z-1.0000 S24000
G1 F1000 X1.6262 Y48.0452 Z-1.0000 S24000
G1 F1000 X1.6333 Y47.8737 Z-1.0000 S24000
G1 F1000 X1.6412 Y47.6970 Z-1.0000 S24000
G1 F1000 X1.6498 Y47.5201 Z-1.0000 S24000
G1 F1000 X1.6591 Y47.3423 Z-1.0000 S24000
G1 F1000 X1.6690 Y47.1655 Z-1.0000 S24000
G1 F1000 X1.6796 Y46.9881 Z-1.0000 S24000
G1 F1000 X1.6911 Y46.8056 Z-1.0000 S24000
G1 F1000 X1.7026 Y46.6338 Z-1.0000 S24000
G1 F1000 X1.7149 Y46.4581 Z-1.0000 S24000
G1 F1000 X1.7281 Y46.2808 Z-1.0000 S24000
G1 F1000 X1.7419 Y46.1035 Z-1.0000 S24000
G1 F1000 X1.7561 Y45.9278 Z-1.0000 S24000
G1 F1000 X1.7712 Y45.7505 Z-1.0000 S24000
G1 F1000 X1.7713 Y45.7505 Z-1.0000 S24000
G1 F1000 X1.7870 Y45.5735 Z-1.0000 S24000
G1 F1000 X1.8038 Y45.3913 Z-1.0000 S24000
G1 F1000 X1.8202 Y45.2210 Z-1.0000 S24000
G1 F1000 X1.8203 Y45.2210 Z-1.0000 S24000
G1 F1000 X1.8385 Y45.0386 Z-1.0000 S24000
G1 F1000 X1.8384 Y45.0386 Z-1.0000 S24000
G1 F1000 X1.8561 Y44.8679 Z-1.0000 S24000
G1 F1000 X1.8749 Y44.6921 Z-1.0000 S24000
G1 F1000 X1.8951 Y44.5103 Z-1.0000 S24000
G1 F1000 X1.9147 Y44.3393 Z-1.0000 S24000
G1 F1000 X1.9355 Y44.1635 Z-1.0000 S24000
G1 F1000 X1.9570 Y43.9872 Z-1.0000 S24000
G1 F1000 X1.9791 Y43.8116 Z-1.0000 S24000
G1 F1000 X2.0018 Y43.6359 Z-1.0000 S24000
G1 F1000 X2.0253 Y43.4596 Z-1.0000 S24000
G1 F1000 X2.0501 Y43.2782 Z-1.0000 S24000
G1 F1000 X2.0738 Y43.1093 Z-1.0000 S24000
G1 F1000 X2.0993 Y42.9330 Z-1.0000 S24000
G1 F1000 X2.1252 Y42.7579 Z-1.0000 S24000
G1 F1000 X2.1518 Y42.5830 Z-1.0000 S24000
G1 F1000 X2.1800 Y42.4021 Z-1.0000 S24000
G1 F1000 X2.2070 Y42.2327 Z-1.0000 S24000
G1 F1000 X2.2365 Y42.0520 Z-1.0000 S24000
G1 F1000 X2.2364 Y42.0520 Z-1.0000 S24000
G1 F1000 X2.2647 Y41.8825 Z-1.0000 S24000
G1 F1000 X2.2944 Y41.7082 Z-1.0000 S24000
G1 F1000 X2.3250 Y41.5333 Z-1.0000 S24000
G1 F1000 X2.3561 Y41.3587 Z-1.0000 S24000
G1 F1000 X2.3889 Y41.1784 Z-1.0000 S24000
G1 F1000 X2.4202 Y41.0100 Z-1.0000 S24000
G1 F1000 X2.4543 Y40.8302 Z-1.0000 S24000
G1 F1000 X2.4868 Y40.6624 Z-1.0000 S24000
G1 F1000 X2.5213 Y40.4878 Z-1.0000 S24000
G1 F1000 X2.5563 Y40.3137 Z-1.0000 S24000
G1 F1000 X2.5930 Y40.1344 Z-1.0000 S24000
G1 F1000 X2.5929 Y40.1344 Z-1.0000 S24000
G1 F1000 X2.6281 Y39.9666 Z-1.0000 S24000
G1 F1000 X2.6647 Y39.7940 Z-1.0000 S24000
G1 F1000 X2.7023 Y39.6204 Z-1.0000 S24000
G1 F1000 X2.7403 Y39.4478 Z-1.0000 S24000
G1 F1000 X2.7792 Y39.2745 Z-1.0000 S24000
G1 F1000 X2.8186 Y39.1017 Z-1.0000 S24000
G1 F1000 X2.8187 Y39.1017 Z-1.0000 S24000
G1 F1000 X2.8601 Y38.9232 Z-1.0000 S24000
G1 F1000 X2.8993 Y38.7565 Z-1.0000 S24000
G1 F1000 X2.9407 Y38.5840 Z-1.0000 S24000
G1 F1000 X2.9824 Y38.4127 Z-1.0000 S24000
G1 F1000 X3.0252 Y38.2400 Z-1.0000 S24000
G1 F1000 X3.0685 Y38.0678 Z-1.0000 S24000
G1 F1000 X3.1124 Y37.8959 Z-1.0000 S24000
G1 F1000 X3.1568 Y37.7245 Z-1.0000 S24000
G1 F1000 X3.2019 Y37.5532 Z-1.0000 S24000
G1 F1000 X3.2475 Y37.3826 Z-1.0000 S24000
G1 F1000 X3.2955 Y37.2059 Z-1.0000 S24000
G1 F1000 X3.2954 Y37.2059 Z-1.0000 S24000
G1 F1000 X3.3411 Y37.0401 Z-1.0000 S24000
G1 F1000 X3.3888 Y36.8693 Z-1.0000 S24000
G1 F1000 X3.4371 Y36.6985 Z-1.0000 S24000
G1 F1000 X3.4859 Y36.5286 Z-1.0000 S24000
G1 F1000 X3.5355 Y36.3583 Z-1.0000 S24000
G1 F1000 X3.5856 Y36.1884 Z-1.0000 S24000
G1 F1000 X3.5873 Y36.1828 Z-1.0000 S24000
G1 F1000 X3.6365 Y36.0181 Z-1.0000 S24000
G1 F1000 X3.6877 Y35.8491 Z-1.0000 S24000
G1 F1000 X3.7398 Y35.6796 Z-1.0000 S24000
G1 F1000 X3.7924 Y35.5107 Z-1.0000 S24000
G1 F1000 X3.8475 Y35.3361 Z-1.0000 S24000
G1 F1000 X3.8997 Y35.1725 Z-1.0000 S24000
G1 F1000 X3.9545 Y35.0032 Z-1.0000 S24000
G1 F1000 X4.0092 Y34.8361 Z-1.0000 S24000
G1 F1000 X4.0669 Y34.6624 Z-1.0000 S24000
G1 F1000 X4.0668 Y34.6624 Z-1.0000 S24000
G1 F1000 X4.1236 Y34.4933 Z-1.0000 S24000
G1 F1000 X4.1788 Y34.3308 Z-1.0000 S24000
G1 F1000 X4.2361 Y34.1640 Z-1.0000 S24000
G1 F1000 X4.2383 Y34.1577 Z-1.0000 S24000
G1 F1000 X4.2944 Y33.9966 Z-1.0000 S24000
G1 F1000 X4.3534 Y33.8292 Z-1.0000 S24000
G1 F1000 X4.4130 Y33.6621 Z-1.0000 S24000
G1 F1000 X4.4732 Y33.4951 Z-1.0000 S24000
G1 F1000 X4.5337 Y33.3290 Z-1.0000 S24000
G1 F1000 X4.5952 Y33.1623 Z-1.0000 S24000
G1 F1000 X4.6572 Y32.9962 Z-1.0000 S24000
G1 F1000 X4.7218 Y32.8249 Z-1.0000 S24000
G1 F1000 X4.7217 Y32.8249 Z-1.0000 S24000
G1 F1000 X4.7828 Y32.6651 Z-1.0000 S24000
G1 F1000 X4.8468 Y32.4992 Z-1.0000 S24000
G1 F1000 X4.9108 Y32.3349 Z-1.0000 S24000
G1 F1000 X4.9760 Y32.1697 Z-1.0000 S24000
G1 F1000 X5.0415 Y32.0053 Z-1.0000 S24000
G1 F1000 X5.1081 Y31.8400 Z-1.0000 S24000
G1 F1000 X5.1745 Y31.6768 Z-1.0000 S24000
G1 F1000 X5.2421 Y31.5125 Z-1.0000 S24000
G1 F1000 X5.2442 Y31.5075 Z-1.0000 S24000
G1 F1000 X5.3100 Y31.3491 Z-1.0000 S24000
G1 F1000 X5.3789 Y31.1851 Z-1.0000 S24000
G1 F1000 X5.4478 Y31.0226 Z-1.0000 S24000
G1 F1000 X5.5177 Y30.8596 Z-1.0000 S24000
G1 F1000 X5.5885 Y30.6962 Z-1.0000 S24000
G1 F1000 X5.6590 Y30.5350 Z-1.0000 S24000
G1 F1000 X5.7312 Y30.3717 Z-1.0000 S24000
G1 F1000 X5.8033 Y30.2100 Z-1.0000 S24000
G1 F1000 X5.8785 Y30.0431 Z-1.0000 S24000
G1 F1000 X5.9496 Y29.8871 Z-1.0000 S24000
G1 F1000 X6.0235 Y29.7262 Z-1.0000 S24000
G1 F1000 X6.0980 Y29.5656 Z-1.0000 S24000
G1 F1000 X6.1757 Y29.3998 Z-1.0000 S24000
G1 F1000 X6.2515 Y29.2395 Z-1.0000 S24000
G1 F1000 X6.3252 Y29.0853 Z-1.0000 S24000
G1 F1000 X6.4026 Y28.9248 Z-1.0000 S24000
G1 F1000 X6.4800 Y28.7657 Z-1.0000 S24000
G1 F1000 X6.5581 Y28.6066 Z-1.0000 S24000
G1 F1000 X6.6367 Y28.4481 Z-1.0000 S24000
G1 F1000 X6.7164 Y28.2888 Z-1.0000 S24000
G1 F1000 X6.7961 Y28.1309 Z-1.0000 S24000
G1 F1000 X6.8792 Y27.9678 Z-1.0000 S24000
G1 F1000 X6.9572 Y27.8160 Z-1.0000 S24000
G1 F1000 X7.0395 Y27.6576 Z-1.0000 S24000
G1 F1000 X7.1244 Y27.4953 Z-1.0000 S24000
G1 F1000 X7.2045 Y27.3438 Z-1.0000 S24000
G1 F1000 X7.2874 Y27.1881 Z-1.0000 S24000
G1 F1000 X7.3712 Y27.0323 Z-1.0000 S24000
G1 F1000 X7.4562 Y26.8757 Z-1.0000 S24000
G1 F1000 X7.5441 Y26.7150 Z-1.0000 S24000
G1 F1000 X7.6266 Y26.5654 Z-1.0000 S24000
G1 F1000 X7.7129 Y26.4104 Z-1.0000 S24000
G1 F1000 X7.7999 Y26.2555 Z-1.0000 S24000
G1 F1000 X7.8901 Y26.0962 Z-1.0000 S24000
G1 F1000 X7.9749 Y25.9477 Z-1.0000 S24000
G1 F1000 X8.0634 Y25.7941 Z-1.0000 S24000
G1 F1000 X8.0656 Y25.7903 Z-1.0000 S24000
G1 F1000 X8.0663 Y25.7891 Z-1.0000 S24000
G1 F1000 X8.1525 Y25.6408 Z-1.0000 S24000
G1 F1000 X8.2425 Y25.4872 Z-1.0000 S24000
G1 F1000 X8.3322 Y25.3352 Z-1.0000 S24000
G1 F1000 X8.4232 Y25.1826 Z-1.0000 S24000
G1 F1000 X8.5143 Y25.0309 Z-1.0000 S24000
G1 F1000 X8.6065 Y24.8787 Z-1.0000 S24000
G1 F1000 X8.6987 Y24.7277 Z-1.0000 S24000
G1 F1000 X8.7914 Y24.5771 Z-1.0000 S24000
G1 F1000 X8.8880 Y24.4216 Z-1.0000 S24000
G1 F1000 X8.9794 Y24.2756 Z-1.0000 S24000
G1 F1000 X9.0735 Y24.1264 Z-1.0000 S24000
G1 F1000 X9.1691 Y23.9762 Z-1.0000 S24000
G1 F1000 X9.2644 Y23.8276 Z-1.0000 S24000
G1 F1000 X9.3613 Y23.6778 Z-1.0000 S24000
G1 F1000 X9.4576 Y23.5299 Z-1.0000 S24000
G1 F1000 X9.5553 Y23.3812 Z-1.0000 S24000
G1 F1000 X9.6527 Y23.2340 Z-1.0000 S24000
G1 F1000 X9.7513 Y23.0863 Z-1.0000 S24000
G1 F1000 X9.8503 Y22.9392 Z-1.0000 S24000
G1 F1000 X9.9531 Y22.7876 Z-1.0000 S24000
G1 F1000 X10.0497 Y22.6462 Z-1.0000 S24000
G1 F1000 X10.0498 Y22.6462 Z-1.0000 S24000
G1 F1000 X10.1537 Y22.4954 Z-1.0000 S24000
G1 F1000 X10.1536 Y22.4954 Z-1.0000 S24000
G1 F1000 X10.2517 Y22.3541 Z-1.0000 S24000
G1 F1000 X10.3533 Y22.2088 Z-1.0000 S24000
G1 F1000 X10.4549 Y22.0646 Z-1.0000 S24000
G1 F1000 X10.5581 Y21.9195 Z-1.0000 S24000
G1 F1000 X10.6611 Y21.7757 Z-1.0000 S24000
G1 F1000 X10.7683 Y21.6272 Z-1.0000 S24000
G1 F1000 X10.8689 Y21.4887 Z-1.0000 S24000
G1 F1000 X10.9744 Y21.3449 Z-1.0000 S24000
G1 F1000 X11.0831 Y21.1976 Z-1.0000 S24000
G1 F1000 X11.0830 Y21.1976 Z-1.0000 S24000
G1 F1000 X11.1849 Y21.0607 Z-1.0000 S24000
G1 F1000 X11.2919 Y20.9181 Z-1.0000 S24000
G1 F1000 X11.3980 Y20.7775 Z-1.0000 S24000
G1 F1000 X11.5060 Y20.6357 Z-1.0000 S24000
G1 F1000 X11.6141 Y20.4948 Z-1.0000 S24000
G1 F1000 X11.7218 Y20.3553 Z-1.0000 S24000
G1 F1000 X11.7252 Y20.3509 Z-1.0000 S24000
G1 F1000 X11.7260 Y20.3499 Z-1.0000 S24000
G1 F1000 X11.8343 Y20.2109 Z-1.0000 S24000
G1 F1000 X11.9409 Y20.0751 Z-1.0000 S24000
G1 F1000 X12.0502 Y19.9367 Z-1.0000 S24000
G1 F1000 X12.1643 Y19.7935 Z-1.0000 S24000
G1 F1000 X12.2757 Y19.6545 Z-1.0000 S24000
G1 F1000 X12.3830 Y19.5218 Z-1.0000 S24000
G1 F1000 X12.4953 Y19.3840 Z-1.0000 S24000
G1 F1000 X12.6114 Y19.2425 Z-1.0000 S24000
G1 F1000 X12.7210 Y19.1099 Z-1.0000 S24000
G1 F1000 X12.8341 Y18.9740 Z-1.0000 S24000
G1 F1000 X12.9518 Y18.8337 Z-1.0000 S24000
G1 F1000 X13.0625 Y18.7027 Z-1.0000 S24000
G1 F1000 X13.1812 Y18.5633 Z-1.0000 S24000
G1 F1000 X13.2932 Y18.4328 Z-1.0000 S24000
G1 F1000 X13.4089 Y18.2988 Z-1.0000 S24000
G1 F1000 X13.5254 Y18.1649 Z-1.0000 S24000
G1 F1000 X13.6421 Y18.0318 Z-1.0000 S24000
G1 F1000 X13.7592 Y17.8992 Z-1.0000 S24000
G1 F1000 X13.8773 Y17.7665 Z-1.0000 S24000
G1 F1000 X13.9958 Y17.6343 Z-1.0000 S24000
G1 F1000 X14.1147 Y17.5026 Z-1.0000 S24000
G1 F1000 X14.1148 Y17.5026 Z-1.0000 S24000
G1 F1000 X14.2380 Y17.3671 Z-1.0000 S24000
G1 F1000 X14.3534 Y17.2411 Z-1.0000 S24000
G1 F1000 X14.4743 Y17.1102 Z-1.0000 S24000
G1 F1000 X14.5947 Y16.9806 Z-1.0000 S24000
G1 F1000 X14.7199 Y16.8469 Z-1.0000 S24000
G1 F1000 X14.8375 Y16.7223 Z-1.0000 S24000
G1 F1000 X14.9595 Y16.5939 Z-1.0000 S24000
G1 F1000 X15.0861 Y16.4617 Z-1.0000 S24000
G1 F1000 X15.2055 Y16.3378 Z-1.0000 S24000
G1 F1000 X15.3292 Y16.2104 Z-1.0000 S24000
G1 F1000 X15.4529 Y16.0839 Z-1.0000 S24000
G1 F1000 X15.5814 Y15.9535 Z-1.0000 S24000
G1 F1000 X15.7022 Y15.8318 Z-1.0000 S24000
G1 F1000 X15.8278 Y15.7062 Z-1.0000 S24000
G1 F1000 X15.9534 Y15.5815 Z-1.0000 S24000
G1 F1000 X16.0798 Y15.4569 Z-1.0000 S24000
G1 F1000 X16.2059 Y15.3335 Z-1.0000 S24000
G1 F1000 X16.3338 Y15.2094 Z-1.0000 S24000
G1 F1000 X16.4616 Y15.0862 Z-1.0000 S24000
G1 F1000 X16.5894 Y14.9638 Z-1.0000 S24000
G1 F1000 X16.7222 Y14.8376 Z-1.0000 S24000
G1 F1000 X16.8468 Y14.7200 Z-1.0000 S24000
G1 F1000 X16.9760 Y14.5990 Z-1.0000 S24000
G1 F1000 X17.1065 Y14.4777 Z-1.0000 S24000
G1 F1000 X17.2410 Y14.3535 Z-1.0000 S24000
G1 F1000 X17.3670 Y14.2381 Z-1.0000 S24000
G1 F1000 X17.5025 Y14.1149 Z-1.0000 S24000
G1 F1000 X17.5025 Y14.1148 Z-1.0000 S24000
G1 F1000 X17.6301 Y13.9996 Z-1.0000 S24000
G1 F1000 X17.7623 Y13.8811 Z-1.0000 S24000
G1 F1000 X17.8945 Y13.7634 Z-1.0000 S24000
G1 F1000 X18.0317 Y13.6422 Z-1.0000 S24000
G1 F1000 X18.1606 Y13.5292 Z-1.0000 S24000
G1 F1000 X18.2941 Y13.4130 Z-1.0000 S24000
G1 F1000 X18.4327 Y13.2933 Z-1.0000 S24000
G1 F1000 X18.5632 Y13.1813 Z-1.0000 S24000
G1 F1000 X18.7026 Y13.0626 Z-1.0000 S24000
G1 F1000 X18.8336 Y12.9519 Z-1.0000 S24000
G1 F1000 X18.9696 Y12.8378 Z-1.0000 S24000
G1 F1000 X19.1056 Y12.7245 Z-1.0000 S24000
G1 F1000 X19.2429 Y12.6110 Z-1.0000 S24000
G1 F1000 X19.3844 Y12.4948 Z-1.0000 S24000
G1 F1000 X19.5168 Y12.3870 Z-1.0000 S24000
G1 F1000 X19.6549 Y12.2754 Z-1.0000 S24000
G1 F1000 X19.7928 Y12.1647 Z-1.0000 S24000
G1 F1000 X19.9318 Y12.0541 Z-1.0000 S24000
G1 F1000 X20.0755 Y11.9405 Z-1.0000 S24000
G1 F1000 X20.2108 Y11.8344 Z-1.0000 S24000
G1 F1000 X20.3498 Y11.7261 Z-1.0000 S24000
G1 F1000 X20.4947 Y11.6142 Z-1.0000 S24000
G1 F1000 X20.4947 Y11.6141 Z-1.0000 S24000
G1 F1000 X20.6312 Y11.5094 Z-1.0000 S24000
G1 F1000 X20.7725 Y11.4019 Z-1.0000 S24000
G1 F1000 X20.9186 Y11.2915 Z-1.0000 S24000
G1 F1000 X21.0604 Y11.1851 Z-1.0000 S24000
G1 F1000 X21.1976 Y11.0830 Z-1.0000 S24000
G1 F1000 X21.3408 Y10.9773 Z-1.0000 S24000
G1 F1000 X21.4835 Y10.8727 Z-1.0000 S24000
G1 F1000 X21.6265 Y10.7687 Z-1.0000 S24000
G1 F1000 X21.7750 Y10.6616 Z-1.0000 S24000
G1 F1000 X21.9153 Y10.5611 Z-1.0000 S24000
G1 F1000 X22.0594 Y10.4586 Z-1.0000 S24000
G1 F1000 X22.2041 Y10.3566 Z-1.0000 S24000
G1 F1000 X22.3542 Y10.2516 Z-1.0000 S24000
G1 F1000 X22.4953 Y10.1536 Z-1.0000 S24000
G1 F1000 X22.4953 Y10.1537 Z-1.0000 S24000
G1 F1000 X22.6461 Y10.0498 Z-1.0000 S24000
G1 F1000 X22.6461 Y10.0497 Z-1.0000 S24000
G1 F1000 X22.7869 Y9.9535 Z-1.0000 S24000
G1 F1000 X22.9385 Y9.8508 Z-1.0000 S24000
G1 F1000 X23.0816 Y9.7545 Z-1.0000 S24000
G1 F1000 X23.2291 Y9.6560 Z-1.0000 S24000
G1 F1000 X23.3765 Y9.5584 Z-1.0000 S24000
G1 F1000 X23.5295 Y9.4579 Z-1.0000 S24000
G1 F1000 X23.6730 Y9.3643 Z-1.0000 S24000
G1 F1000 X23.8268 Y9.2649 Z-1.0000 S24000
G1 F1000 X23.9708 Y9.1724 Z-1.0000 S24000
G1 F1000 X23.9708 Y9.1725 Z-1.0000 S24000
G1 F1000 X24.1253 Y9.0743 Z-1.0000 S24000
G1 F1000 X24.2701 Y8.9828 Z-1.0000 S24000
G1 F1000 X24.4254 Y8.8857 Z-1.0000 S24000
G1 F1000 X24.5717 Y8.7948 Z-1.0000 S24000
G1 F1000 X24.7276 Y8.6988 Z-1.0000 S24000
G1 F1000 X24.7276 Y8.6987 Z-1.0000 S24000
G1 F1000 X24.8736 Y8.6095 Z-1.0000 S24000
G1 F1000 X25.0255 Y8.5176 Z-1.0000 S24000
G1 F1000 X25.1825 Y8.4233 Z-1.0000 S24000
G1 F1000 X25.3304 Y8.3351 Z-1.0000 S24000
G1 F1000 X25.4826 Y8.2451 Z-1.0000 S24000
G1 F1000 X25.6352 Y8.1557 Z-1.0000 S24000
G1 F1000 X25.7936 Y8.0637 Z-1.0000 S24000
G1 F1000 X25.9428 Y7.9778 Z-1.0000 S24000
G1 F1000 X26.1018 Y7.8869 Z-1.0000 S24000
G1 F1000 X26.2506 Y7.8026 Z-1.0000 S24000
G1 F1000 X26.4050 Y7.7159 Z-1.0000 S24000
G1 F1000 X26.5601 Y7.6296 Z-1.0000 S24000
G1 F1000 X26.7153 Y7.5439 Z-1.0000 S24000
G1 F1000 X26.8759 Y7.4560 Z-1.0000 S24000
G1 F1000 X26.8759 Y7.4559 Z-1.0000 S24000
G1 F1000 X27.0263 Y7.3744 Z-1.0000 S24000
G1 F1000 X27.1828 Y7.2903 Z-1.0000 S24000
G1 F1000 X27.3443 Y7.2042 Z-1.0000 S24000
G1 F1000 X27.5007 Y7.1216 Z-1.0000 S24000
G1 F1000 X27.6527 Y7.0420 Z-1.0000 S24000
G1 F1000 X27.8152 Y6.9577 Z-1.0000 S24000
G1 F1000 X27.9684 Y6.8789 Z-1.0000 S24000
G1 F1000 X28.1252 Y6.7989 Z-1.0000 S24000
G1 F1000 X28.2842 Y6.7187 Z-1.0000 S24000
G1 F1000 X28.4480 Y6.6367 Z-1.0000 S24000
G1 F1000 X28.6013 Y6.5607 Z-1.0000 S24000
G1 F1000 X28.7603 Y6.4826 Z-1.0000 S24000
G1 F1000 X28.9249 Y6.4025 Z-1.0000 S24000
G1 F1000 X29.0851 Y6.3252 Z-1.0000 S24000
G1 F1000 X29.2394 Y6.2516 Z-1.0000 S24000
G1 F1000 X29.3997 Y6.1758 Z-1.0000 S24000
G1 F1000 X29.5655 Y6.0981 Z-1.0000 S24000
G1 F1000 X29.7210 Y6.0259 Z-1.0000 S24000
G1 F1000 X29.8817 Y5.9520 Z-1.0000 S24000
G1 F1000 X30.0483 Y5.8762 Z-1.0000 S24000
G1 F1000 X30.2043 Y5.8058 Z-1.0000 S24000
G1 F1000 X30.3669 Y5.7333 Z-1.0000 S24000
G1 F1000 X30.5343 Y5.6593 Z-1.0000 S24000
G1 F1000 X30.6914 Y5.5905 Z-1.0000 S24000
G1 F1000 X30.8530 Y5.5205 Z-1.0000 S24000
G1 F1000 X31.0214 Y5.4484 Z-1.0000 S24000
G1 F1000 X31.1803 Y5.3809 Z-1.0000 S24000
G1 F1000 X31.3490 Y5.3100 Z-1.0000 S24000
G1 F1000 X31.5062 Y5.2446 Z-1.0000 S24000
G1 F1000 X31.6710 Y5.1769 Z-1.0000 S24000
G1 F1000 X31.8355 Y5.1099 Z-1.0000 S24000
G1 F1000 X31.9995 Y5.0438 Z-1.0000 S24000
G1 F1000 X32.1696 Y4.9760 Z-1.0000 S24000
G1 F1000 X32.3340 Y4.9112 Z-1.0000 S24000
G1 F1000 X32.4942 Y4.8487 Z-1.0000 S24000
G1 F1000 X32.6650 Y4.7828 Z-1.0000 S24000
G1 F1000 X32.8248 Y4.7217 Z-1.0000 S24000
G1 F1000 X32.8248 Y4.7218 Z-1.0000 S24000
G1 F1000 X32.9961 Y4.6572 Z-1.0000 S24000
G1 F1000 X33.1571 Y4.5971 Z-1.0000 S24000
G1 F1000 X33.3233 Y4.5358 Z-1.0000 S24000
G1 F1000 X33.4895 Y4.4752 Z-1.0000 S24000
G1 F1000 X33.6618 Y4.4131 Z-1.0000 S24000
G1 F1000 X33.8291 Y4.3534 Z-1.0000 S24000
G1 F1000 X33.9903 Y4.2966 Z-1.0000 S24000
G1 F1000 X34.1631 Y4.2365 Z-1.0000 S24000
G1 F1000 X34.3315 Y4.1785 Z-1.0000 S24000
G1 F1000 X34.4932 Y4.1236 Z-1.0000 S24000
G1 F1000 X34.6615 Y4.0671 Z-1.0000 S24000
G1 F1000 X34.8352 Y4.0095 Z-1.0000 S24000
G1 F1000 X34.9984 Y3.9560 Z-1.0000 S24000
G1 F1000 X35.1726 Y3.8996 Z-1.0000 S24000
G1 F1000 X35.3356 Y3.8476 Z-1.0000 S24000
G1 F1000 X35.5103 Y3.7925 Z-1.0000 S24000
G1 F1000 X35.6732 Y3.7418 Z-1.0000 S24000
G1 F1000 X35.8482 Y3.6881 Z-1.0000 S24000
G1 F1000 X36.0188 Y3.6363 Z-1.0000 S24000
G1 F1000 X36.1827 Y3.5873 Z-1.0000 S24000
G1 F1000 X36.3582 Y3.5355 Z-1.0000 S24000
G1 F1000 X36.5285 Y3.4859 Z-1.0000 S24000
G1 F1000 X36.6929 Y3.4387 Z-1.0000 S24000
G1 F1000 X36.8692 Y3.3888 Z-1.0000 S24000
G1 F1000 X37.0400 Y3.3411 Z-1.0000 S24000
G1 F1000 X37.2050 Y3.2957 Z-1.0000 S24000
G1 F1000 X37.3817 Y3.2478 Z-1.0000 S24000
G1 F1000 X37.5531 Y3.2020 Z-1.0000 S24000
G1 F1000 X37.7218 Y3.1575 Z-1.0000 S24000
G1 F1000 X37.8958 Y3.1124 Z-1.0000 S24000
G1 F1000 X38.0624 Y3.0699 Z-1.0000 S24000
G1 F1000 X38.2400 Y3.0252 Z-1.0000 S24000
G1 F1000 X38.4117 Y2.9827 Z-1.0000 S24000
G1 F1000 X38.5784 Y2.9420 Z-1.0000 S24000
G1 F1000 X38.7501 Y2.9008 Z-1.0000 S24000
G1 F1000 X38.9231 Y2.8601 Z-1.0000 S24000
G1 F1000 X39.1016 Y2.8187 Z-1.0000 S24000
G1 F1000 X39.1016 Y2.8186 Z-1.0000 S24000
G1 F1000 X39.2691 Y2.7804 Z-1.0000 S24000
G1 F1000 X39.4415 Y2.7417 Z-1.0000 S24000
G1 F1000 X39.6203 Y2.7023 Z-1.0000 S24000
G1 F1000 X39.7875 Y2.6661 Z-1.0000 S24000
G1 F1000 X39.9665 Y2.6281 Z-1.0000 S24000
G1 F1000 X40.1352 Y2.5929 Z-1.0000 S24000
G1 F1000 X40.3113 Y2.5568 Z-1.0000 S24000
G1 F1000 X40.4877 Y2.5213 Z-1.0000 S24000
G1 F1000 X40.6623 Y2.4868 Z-1.0000 S24000
G1 F1000 X40.8301 Y2.4543 Z-1.0000 S24000
G1 F1000 X41.0099 Y2.4202 Z-1.0000 S24000
G1 F1000 X41.1783 Y2.3889 Z-1.0000 S24000
G1 F1000 X41.3531 Y2.3571 Z-1.0000 S24000
G1 F1000 X41.5332 Y2.3250 Z-1.0000 S24000
G1 F1000 X41.7019 Y2.2955 Z-1.0000 S24000
G1 F1000 X41.8824 Y2.2647 Z-1.0000 S24000
G1 F1000 X42.0519 Y2.2364 Z-1.0000 S24000
G1 F1000 X42.0519 Y2.2365 Z-1.0000 S24000
G1 F1000 X42.2326 Y2.2070 Z-1.0000 S24000
G1 F1000 X42.4020 Y2.1800 Z-1.0000 S24000
G1 F1000 X42.5829 Y2.1518 Z-1.0000 S24000
G1 F1000 X42.7578 Y2.1252 Z-1.0000 S24000
G1 F1000 X42.9282 Y2.1000 Z-1.0000 S24000
G1 F1000 X43.1058 Y2.0743 Z-1.0000 S24000
G1 F1000 X43.2781 Y2.0501 Z-1.0000 S24000
G1 F1000 X43.4595 Y2.0253 Z-1.0000 S24000
G1 F1000 X43.6300 Y2.0026 Z-1.0000 S24000
G1 F1000 X43.8115 Y1.9791 Z-1.0000 S24000
G1 F1000 X43.9816 Y1.9577 Z-1.0000 S24000
G1 F1000 X44.1634 Y1.9355 Z-1.0000 S24000
G1 F1000 X44.3392 Y1.9147 Z-1.0000 S24000
G1 F1000 X44.5102 Y1.8951 Z-1.0000 S24000
G1 F1000 X44.6858 Y1.8756 Z-1.0000 S24000
G1 F1000 X44.8678 Y1.8561 Z-1.0000 S24000
G1 F1000 X45.0385 Y1.8384 Z-1.0000 S24000
G1 F1000 X45.0385 Y1.8385 Z-1.0000 S24000
G1 F1000 X45.2209 Y1.8203 Z-1.0000 S24000
G1 F1000 X45.2209 Y1.8202 Z-1.0000 S24000
G1 F1000 X45.3912 Y1.8038 Z-1.0000 S24000
G1 F1000 X45.5680 Y1.7875 Z-1.0000 S24000
G1 F1000 X45.7504 Y1.7713 Z-1.0000 S24000
G1 F1000 X45.9269 Y1.7563 Z-1.0000 S24000
G1 F1000 X46.0983 Y1.7423 Z-1.0000 S24000
G1 F1000 X46.2745 Y1.7286 Z-1.0000 S24000
G1 F1000 X46.4519 Y1.7155 Z-1.0000 S24000
G1 F1000 X46.6346 Y1.7026 Z-1.0000 S24000
G1 F1000 X46.6346 Y1.7025 Z-1.0000 S24000
G1 F1000 X46.8055 Y1.6911 Z-1.0000 S24000
G1 F1000 X46.9880 Y1.6796 Z-1.0000 S24000
G1 F1000 X47.1654 Y1.6690 Z-1.0000 S24000
G1 F1000 X47.3370 Y1.6594 Z-1.0000 S24000
G1 F1000 X47.5179 Y1.6499 Z-1.0000 S24000
G1 F1000 X47.6909 Y1.6415 Z-1.0000 S24000
G1 F1000 X47.8736 Y1.6333 Z-1.0000 S24000
G1 F1000 X48.0451 Y1.6262 Z-1.0000 S24000
G1 F1000 X48.2230 Y1.6195 Z-1.0000 S24000
G1 F1000 X48.4019 Y1.6133 Z-1.0000 S24000
G1 F1000 X48.5830 Y1.6078 Z-1.0000 S24000
G1 F1000 X48.5830 Y1.6077 Z-1.0000 S24000
G1 F1000 X48.7546 Y1.6031 Z-1.0000 S24000
G1 F1000 X48.7546 Y1.6032 Z-1.0000 S24000
G1 F1000 X48.9377 Y1.5989 Z-1.0000 S24000
G1 F1000 X49.1139 Y1.5954 Z-1.0000 S24000
G1 F1000 X49.2867 Y1.5927 Z-1.0000 S24000
G1 F1000 X49.4696 Y1.5904 Z-1.0000 S24000
G1 F1000 X49.6413 Y1.5888 Z-1.0000 S24000
G1 F1000 X49.8246 Y1.5878 Z-1.0000 S24000
G1 F1000 X49.9992 Y1.5875 Z-1.0000 S24000
G1 F1000 X50.1736 Y1.5878 Z-1.0000 S24000
G1 F1000 X50.3565 Y1.5888 Z-1.0000 S24000
G1 F1000 X50.3565 Y1.5887 Z-1.0000 S24000
G1 F1000 X50.5279 Y1.5902 Z-1.0000 S24000
G1 F1000 X50.5279 Y1.5903 Z-1.0000 S24000
G1 F1000 X50.7106 Y1.5926 Z-1.0000 S24000
G1 F1000 X50.8863 Y1.5955 Z-1.0000 S24000
G1 F1000 X51.0590 Y1.5989 Z-1.0000 S24000
G1 F1000 X51.2416 Y1.6032 Z-1.0000 S24000
G1 F1000 X51.2416 Y1.6031 Z-1.0000 S24000
G1 F1000 X51.4132 Y1.6077 Z-1.0000 S24000
G1 F1000 X51.4132 Y1.6078 Z-1.0000 S24000
G1 F1000 X51.5960 Y1.6134 Z-1.0000 S24000
G1 F1000 X51.7674 Y1.6192 Z-1.0000 S24000
G1 F1000 X51.9499 Y1.6261 Z-1.0000 S24000
G1 F1000 X51.9499 Y1.6260 Z-1.0000 S24000
G1 F1000 X52.1215 Y1.6332 Z-1.0000 S24000
G1 F1000 X52.3043 Y1.6414 Z-1.0000 S24000
G1 F1000 X52.4754 Y1.6497 Z-1.0000 S24000
G1 F1000 X52.4754 Y1.6498 Z-1.0000 S24000
G1 F1000 X52.6578 Y1.6593 Z-1.0000 S24000
G1 F1000 X52.6578 Y1.6592 Z-1.0000 S24000
G1 F1000 X52.8285 Y1.6688 Z-1.0000 S24000
G1 F1000 X53.0057 Y1.6794 Z-1.0000 S24000
G1 F1000 X53.1881 Y1.6909 Z-1.0000 S24000
G1 F1000 X53.1881 Y1.6908 Z-1.0000 S24000
G1 F1000 X53.3584 Y1.7021 Z-1.0000 S24000
G1 F1000 X53.3584 Y1.7022 Z-1.0000 S24000
G1 F1000 X53.5410 Y1.7151 Z-1.0000 S24000
G1 F1000 X53.7180 Y1.7282 Z-1.0000 S24000
G1 F1000 X53.8889 Y1.7415 Z-1.0000 S24000
G1 F1000 X54.0684 Y1.7561 Z-1.0000 S24000
G1 F1000 X54.2474 Y1.7713 Z-1.0000 S24000
G1 F1000 X54.4171 Y1.7863 Z-1.0000 S24000
G1 F1000 X54.5990 Y1.8032 Z-1.0000 S24000
G1 F1000 X54.7770 Y1.8202 Z-1.0000 S24000
G1 F1000 X54.9467 Y1.8372 Z-1.0000 S24000
G1 F1000 X55.1285 Y1.8560 Z-1.0000 S24000
G1 F1000 X55.2982 Y1.8741 Z-1.0000 S24000
G1 F1000 X55.4781 Y1.8941 Z-1.0000 S24000
G1 F1000 X55.6510 Y1.9139 Z-1.0000 S24000
G1 F1000 X55.8279 Y1.9348 Z-1.0000 S24000
G1 F1000 X56.0072 Y1.9567 Z-1.0000 S24000
G1 F1000 X56.1835 Y1.9788 Z-1.0000 S24000
G1 F1000 X56.3533 Y2.0007 Z-1.0000 S24000
G1 F1000 X56.5324 Y2.0245 Z-1.0000 S24000
G1 F1000 X56.7046 Y2.0481 Z-1.0000 S24000
G1 F1000 X56.8836 Y2.0732 Z-1.0000 S24000
G1 F1000 X57.0542 Y2.0978 Z-1.0000 S24000
G1 F1000 X57.2301 Y2.1239 Z-1.0000 S24000
G1 F1000 X57.4110 Y2.1513 Z-1.0000 S24000
G1 F1000 X57.5801 Y2.1776 Z-1.0000 S24000
G1 F1000 X57.7606 Y2.2063 Z-1.0000 S24000
G1 F1000 X57.9290 Y2.2337 Z-1.0000 S24000
G1 F1000 X57.9290 Y2.2338 Z-1.0000 S24000
G1 F1000 X58.1094 Y2.2639 Z-1.0000 S24000
G1 F1000 X58.2834 Y2.2936 Z-1.0000 S24000
G1 F1000 X58.4523 Y2.3230 Z-1.0000 S24000
G1 F1000 X58.6324 Y2.3551 Z-1.0000 S24000
G1 F1000 X58.8034 Y2.3861 Z-1.0000 S24000
G1 F1000 X58.9753 Y2.4181 Z-1.0000 S24000
G1 F1000 X59.1548 Y2.4521 Z-1.0000 S24000
G1 F1000 X59.3225 Y2.4845 Z-1.0000 S24000
G1 F1000 X59.5019 Y2.5199 Z-1.0000 S24000
G1 F1000 X59.6757 Y2.5548 Z-1.0000 S24000
G1 F1000 X59.8437 Y2.5892 Z-1.0000 S24000
G1 F1000 X59.8437 Y2.5893 Z-1.0000 S24000
G1 F1000 X60.0228 Y2.6266 Z-1.0000 S24000
G1 F1000 X60.1890 Y2.6619 Z-1.0000 S24000
G1 F1000 X60.3675 Y2.7006 Z-1.0000 S24000
G1 F1000 X60.3675 Y2.7005 Z-1.0000 S24000
G1 F1000 X60.5387 Y2.7382 Z-1.0000 S24000
G1 F1000 X60.7137 Y2.7774 Z-1.0000 S24000
G1 F1000 X60.8812 Y2.8156 Z-1.0000 S24000
G1 F1000 X61.0592 Y2.8568 Z-1.0000 S24000
G1 F1000 X61.2254 Y2.8960 Z-1.0000 S24000
G1 F1000 X61.4032 Y2.9386 Z-1.0000 S24000
G1 F1000 X61.5696 Y2.9791 Z-1.0000 S24000
G1 F1000 X61.7471 Y3.0230 Z-1.0000 S24000
G1 F1000 X61.9185 Y3.0661 Z-1.0000 S24000
G1 F1000 X62.0901 Y3.1099 Z-1.0000 S24000
G1 F1000 X62.2617 Y3.1543 Z-1.0000 S24000
G1 F1000 X62.4268 Y3.1977 Z-1.0000 S24000
G1 F1000 X62.6035 Y3.2449 Z-1.0000 S24000
G1 F1000 X62.7683 Y3.2896 Z-1.0000 S24000
G1 F1000 X62.9445 Y3.3381 Z-1.0000 S24000
G1 F1000 X62.9445 Y3.3380 Z-1.0000 S24000
G1 F1000 X63.1096 Y3.3840 Z-1.0000 S24000
G1 F1000 X63.1096 Y3.3841 Z-1.0000 S24000
G1 F1000 X63.2802 Y3.4324 Z-1.0000 S24000
G1 F1000 X63.4559 Y3.4828 Z-1.0000 S24000
G1 F1000 X63.6264 Y3.5323 Z-1.0000 S24000
G1 F1000 X63.7895 Y3.5803 Z-1.0000 S24000
G1 F1000 X63.7895 Y3.5804 Z-1.0000 S24000
G1 F1000 X63.9593 Y3.6312 Z-1.0000 S24000
G1 F1000 X64.1342 Y3.6842 Z-1.0000 S24000
G1 F1000 X64.2981 Y3.7344 Z-1.0000 S24000
G1 F1000 X64.4672 Y3.7870 Z-1.0000 S24000
G1 F1000 X64.6415 Y3.8419 Z-1.0000 S24000
G1 F1000 X64.8047 Y3.8939 Z-1.0000 S24000
G1 F1000 X64.8047 Y3.8940 Z-1.0000 S24000
G1 F1000 X64.9787 Y3.9502 Z-1.0000 S24000
G1 F1000 X65.1410 Y4.0033 Z-1.0000 S24000
G1 F1000 X65.3095 Y4.0591 Z-1.0000 S24000
G1 F1000 X65.3095 Y4.0592 Z-1.0000 S24000
G1 F1000 X65.4829 Y4.1173 Z-1.0000 S24000
G1 F1000 X65.4829 Y4.1172 Z-1.0000 S24000
G1 F1000 X65.6446 Y4.1721 Z-1.0000 S24000
G1 F1000 X65.6446 Y4.1722 Z-1.0000 S24000
G1 F1000 X65.8175 Y4.2316 Z-1.0000 S24000
G1 F1000 X65.9792 Y4.2879 Z-1.0000 S24000
G1 F1000 X66.1461 Y4.3466 Z-1.0000 S24000
G1 F1000 X66.3183 Y4.4079 Z-1.0000 S24000
G1 F1000 X66.4791 Y4.4658 Z-1.0000 S24000
G1 F1000 X66.6509 Y4.5284 Z-1.0000 S24000
G1 F1000 X66.8119 Y4.5878 Z-1.0000 S24000
G1 F1000 X66.9832 Y4.6516 Z-1.0000 S24000
G1 F1000 X66.9832 Y4.6515 Z-1.0000 S24000
G1 F1000 X67.1435 Y4.7120 Z-1.0000 S24000
G1 F1000 X67.3145 Y4.7771 Z-1.0000 S24000
G1 F1000 X67.4786 Y4.8404 Z-1.0000 S24000
G1 F1000 X67.6384 Y4.9026 Z-1.0000 S24000
G1 F1000 X67.6384 Y4.9027 Z-1.0000 S24000
G1 F1000 X67.8085 Y4.9697 Z-1.0000 S24000
G1 F1000 X67.8085 Y4.9696 Z-1.0000 S24000
G1 F1000 X67.9679 Y5.0331 Z-1.0000 S24000
G1 F1000 X67.9679 Y5.0332 Z-1.0000 S24000
G1 F1000 X68.1375 Y5.1014 Z-1.0000 S24000
G1 F1000 X68.3007 Y5.1678 Z-1.0000 S24000
G1 F1000 X68.4647 Y5.2352 Z-1.0000 S24000
G1 F1000 X68.6232 Y5.3010 Z-1.0000 S24000
G1 F1000 X68.7918 Y5.3717 Z-1.0000 S24000
G1 F1000 X68.9490 Y5.4384 Z-1.0000 S24000
G1 F1000 X69.1117 Y5.5081 Z-1.0000 S24000
G1 F1000 X69.2795 Y5.5807 Z-1.0000 S24000
G1 F1000 X69.4366 Y5.6494 Z-1.0000 S24000
G1 F1000 X69.5978 Y5.7205 Z-1.0000 S24000
G1 F1000 X69.7648 Y5.7950 Z-1.0000 S24000
G1 F1000 X69.9262 Y5.8677 Z-1.0000 S24000
G1 F1000 X70.0880 Y5.9412 Z-1.0000 S24000
G1 F1000 X70.2433 Y6.0125 Z-1.0000 S24000
G1 F1000 X70.4036 Y6.0868 Z-1.0000 S24000
G1 F1000 X70.5691 Y6.1643 Z-1.0000 S24000
G1 F1000 X70.7283 Y6.2394 Z-1.0000 S24000
G1 F1000 X70.7299 Y6.2402 Z-1.0000 S24000
G1 F1000 X70.8840 Y6.3138 Z-1.0000 S24000
G1 F1000 X71.0435 Y6.3906 Z-1.0000 S24000
G1 F1000 X71.2023 Y6.4678 Z-1.0000 S24000
G1 F1000 X71.3616 Y6.5460 Z-1.0000 S24000
G1 F1000 X71.5254 Y6.6271 Z-1.0000 S24000
G1 F1000 X71.6781 Y6.7034 Z-1.0000 S24000
G1 F1000 X71.8414 Y6.7858 Z-1.0000 S24000
G1 F1000 X71.9943 Y6.8636 Z-1.0000 S24000
G1 F1000 X72.1510 Y6.9441 Z-1.0000 S24000
G1 F1000 X72.3133 Y7.0283 Z-1.0000 S24000
G1 F1000 X72.4713 Y7.1108 Z-1.0000 S24000
G1 F1000 X72.6220 Y7.1903 Z-1.0000 S24000
G1 F1000 X72.7833 Y7.2762 Z-1.0000 S24000
G1 F1000 X72.9345 Y7.3574 Z-1.0000 S24000
G1 F1000 X73.0898 Y7.4415 Z-1.0000 S24000
G1 F1000 X73.2451 Y7.5264 Z-1.0000 S24000
G1 F1000 X73.4001 Y7.6119 Z-1.0000 S24000
G1 F1000 X73.5599 Y7.7008 Z-1.0000 S24000
G1 F1000 X73.7150 Y7.7877 Z-1.0000 S24000
G1 F1000 X73.8636 Y7.8717 Z-1.0000 S24000
G1 F1000 X73.8636 Y7.8718 Z-1.0000 S24000
G1 F1000 X74.0224 Y7.9624 Z-1.0000 S24000
G1 F1000 X74.1705 Y8.0476 Z-1.0000 S24000
G1 F1000 X74.3238 Y8.1366 Z-1.0000 S24000
G1 F1000 X74.4762 Y8.2258 Z-1.0000 S24000
G1 F1000 X74.6290 Y8.3160 Z-1.0000 S24000
G1 F1000 X74.7817 Y8.4069 Z-1.0000 S24000
G1 F1000 X74.9385 Y8.5009 Z-1.0000 S24000
G1 F1000 X75.0890 Y8.5920 Z-1.0000 S24000
G1 F1000 X75.2354 Y8.6813 Z-1.0000 S24000
G1 F1000 X75.3911 Y8.7771 Z-1.0000 S24000
G1 F1000 X75.5362 Y8.8670 Z-1.0000 S24000
G1 F1000 X75.6912 Y8.9640 Z-1.0000 S24000
G1 F1000 X75.8370 Y9.0559 Z-1.0000 S24000
G1 F1000 X75.9913 Y9.1539 Z-1.0000 S24000
G1 F1000 X76.1350 Y9.2460 Z-1.0000 S24000
G1 F1000 X76.2886 Y9.3452 Z-1.0000 S24000
G1 F1000 X76.4366 Y9.4416 Z-1.0000 S24000
G1 F1000 X76.5806 Y9.5360 Z-1.0000 S24000
G1 F1000 X76.7273 Y9.6330 Z-1.0000 S24000
G1 F1000 X76.8758 Y9.7321 Z-1.0000 S24000
G1 F1000 X77.0276 Y9.8340 Z-1.0000 S24000
G1 F1000 X77.1733 Y9.9327 Z-1.0000 S24000
G1 F1000 X77.3148 Y10.0293 Z-1.0000 S24000
G1 F1000 X77.4611 Y10.1300 Z-1.0000 S24000
G1 F1000 X77.6060 Y10.2304 Z-1.0000 S24000
G1 F1000 X77.7519 Y10.3324 Z-1.0000 S24000
G1 F1000 X77.8963 Y10.4340 Z-1.0000 S24000
G1 F1000 X78.0454 Y10.5398 Z-1.0000 S24000
G1 F1000 X78.1845 Y10.6393 Z-1.0000 S24000
G1 F1000 X78.3328 Y10.7462 Z-1.0000 S24000
G1 F1000 X78.4712 Y10.8467 Z-1.0000 S24000
G1 F1000 X78.6146 Y10.9517 Z-1.0000 S24000
G1 F1000 X78.7618 Y11.0602 Z-1.0000 S24000
G1 F1000 X78.8990 Y11.1622 Z-1.0000 S24000
G1 F1000 X79.0406 Y11.2682 Z-1.0000 S24000
G1 F1000 X79.1824 Y11.3752 Z-1.0000 S24000
G1 F1000 X79.3280 Y11.4858 Z-1.0000 S24000
G1 F1000 X79.4633 Y11.5895 Z-1.0000 S24000
G1 F1000 X79.6041 Y11.6982 Z-1.0000 S24000
G1 F1000 X79.7431 Y11.8062 Z-1.0000 S24000
G1 F1000 X79.8827 Y11.9156 Z-1.0000 S24000
G1 F1000 X80.0218 Y12.0254 Z-1.0000 S24000
G1 F1000 X80.1649 Y12.1392 Z-1.0000 S24000
G1 F1000 X80.2985 Y12.2462 Z-1.0000 S24000
G1 F1000 X80.4407 Y12.3610 Z-1.0000 S24000
G1 F1000 X80.5735 Y12.4689 Z-1.0000 S24000
G1 F1000 X80.5734 Y12.4690 Z-1.0000 S24000
G1 F1000 X80.7148 Y12.5849 Z-1.0000 S24000
G1 F1000 X80.7149 Y12.5848 Z-1.0000 S24000
G1 F1000 X80.8478 Y12.6946 Z-1.0000 S24000
G1 F1000 X80.9832 Y12.8071 Z-1.0000 S24000
G1 F1000 X81.1185 Y12.9205 Z-1.0000 S24000
G1 F1000 X81.2582 Y13.0385 Z-1.0000 S24000
G1 F1000 X81.3896 Y13.1501 Z-1.0000 S24000
G1 F1000 X81.5233 Y13.2646 Z-1.0000 S24000
G1 F1000 X81.6580 Y13.3809 Z-1.0000 S24000
G1 F1000 X81.7960 Y13.5008 Z-1.0000 S24000
G1 F1000 X81.9243 Y13.6130 Z-1.0000 S24000
G1 F1000 X82.0573 Y13.7304 Z-1.0000 S24000
G1 F1000 X82.1897 Y13.8481 Z-1.0000 S24000
G1 F1000 X82.3260 Y13.9701 Z-1.0000 S24000
G1 F1000 X82.3260 Y13.9700 Z-1.0000 S24000
G1 F1000 X82.4532 Y14.0847 Z-1.0000 S24000
G1 F1000 X82.5885 Y14.2076 Z-1.0000 S24000
G1 F1000 X82.7148 Y14.3231 Z-1.0000 S24000
G1 F1000 X82.8451 Y14.4432 Z-1.0000 S24000
G1 F1000 X82.9751 Y14.5639 Z-1.0000 S24000
G1 F1000 X83.1042 Y14.6846 Z-1.0000 S24000
G1 F1000 X83.2332 Y14.8061 Z-1.0000 S24000
G1 F1000 X83.3614 Y14.9277 Z-1.0000 S24000
G1 F1000 X83.4935 Y15.0540 Z-1.0000 S24000
G1 F1000 X83.6169 Y15.1727 Z-1.0000 S24000
G1 F1000 X83.7446 Y15.2966 Z-1.0000 S24000
G1 F1000 X83.8706 Y15.4196 Z-1.0000 S24000
G1 F1000 X84.0009 Y15.5479 Z-1.0000 S24000
G1 F1000 X84.1229 Y15.6688 Z-1.0000 S24000
G1 F1000 X84.2483 Y15.7940 Z-1.0000 S24000
G1 F1000 X84.3773 Y15.9237 Z-1.0000 S24000
G1 F1000 X84.4975 Y16.0455 Z-1.0000 S24000
G1 F1000 X84.6255 Y16.1761 Z-1.0000 S24000
G1 F1000 X84.7449 Y16.2987 Z-1.0000 S24000
G1 F1000 X84.8676 Y16.4258 Z-1.0000 S24000
G1 F1000 X84.9941 Y16.5578 Z-1.0000 S24000
G1 F1000 X84.9942 Y16.5577 Z-1.0000 S24000
G1 F1000 X85.1122 Y16.6817 Z-1.0000 S24000
G1 F1000 X85.2344 Y16.8111 Z-1.0000 S24000
G1 F1000 X85.2343 Y16.8111 Z-1.0000 S24000
G1 F1000 X85.3552 Y16.9399 Z-1.0000 S24000
G1 F1000 X85.4761 Y17.0697 Z-1.0000 S24000
G1 F1000 X85.6003 Y17.2040 Z-1.0000 S24000
G1 F1000 X85.7197 Y17.3341 Z-1.0000 S24000
G1 F1000 X85.8354 Y17.4610 Z-1.0000 S24000
G1 F1000 X85.9539 Y17.5920 Z-1.0000 S24000
G1 F1000 X86.0724 Y17.7240 Z-1.0000 S24000
G1 F1000 X86.1941 Y17.8605 Z-1.0000 S24000
G1 F1000 X86.3074 Y17.9886 Z-1.0000 S24000
G1 F1000 X86.4281 Y18.1260 Z-1.0000 S24000
G1 F1000 X86.5406 Y18.2549 Z-1.0000 S24000
G1 F1000 X86.6566 Y18.3890 Z-1.0000 S24000
G1 F1000 X86.7718 Y18.5230 Z-1.0000 S24000
G1 F1000 X86.8872 Y18.6584 Z-1.0000 S24000
G1 F1000 X87.0054 Y18.7979 Z-1.0000 S24000
G1 F1000 X87.1190 Y18.9330 Z-1.0000 S24000
G1 F1000 X87.2290 Y19.0649 Z-1.0000 S24000
G1 F1000 X87.3414 Y19.2005 Z-1.0000 S24000
G1 F1000 X87.4575 Y19.3418 Z-1.0000 S24000
G1 F1000 X87.4576 Y19.3418 Z-1.0000 S24000
G1 F1000 X87.5657 Y19.4743 Z-1.0000 S24000
G1 F1000 X87.6776 Y19.6126 Z-1.0000 S24000
G1 F1000 X87.7883 Y19.7502 Z-1.0000 S24000
G1 F1000 X87.8989 Y19.8888 Z-1.0000 S24000
G1 F1000 X88.0089 Y20.0277 Z-1.0000 S24000
G1 F1000 X88.1219 Y20.1714 Z-1.0000 S24000
G1 F1000 X88.2272 Y20.3063 Z-1.0000 S24000
G1 F1000 X88.2271 Y20.3063 Z-1.0000 S24000
G1 F1000 X88.3357 Y20.4465 Z-1.0000 S24000
G1 F1000 X88.4472 Y20.5915 Z-1.0000 S24000
G1 F1000 X88.4473 Y20.5915 Z-1.0000 S24000
G1 F1000 X88.5509 Y20.7274 Z-1.0000 S24000
G1 F1000 X88.6575 Y20.8682 Z-1.0000 S24000
G1 F1000 X88.7643 Y21.0104 Z-1.0000 S24000
G1 F1000 X88.8736 Y21.1569 Z-1.0000 S24000
G1 F1000 X88.9751 Y21.2940 Z-1.0000 S24000
G1 F1000 X89.0803 Y21.4373 Z-1.0000 S24000
G1 F1000 X89.1843 Y21.5800 Z-1.0000 S24000
G1 F1000 X89.2914 Y21.7281 Z-1.0000 S24000
G1 F1000 X89.2915 Y21.7281 Z-1.0000 S24000
G1 F1000 X89.3915 Y21.8676 Z-1.0000 S24000
G1 F1000 X89.4940 Y22.0114 Z-1.0000 S24000
G1 F1000 X89.5963 Y22.1562 Z-1.0000 S24000
G1 F1000 X89.6977 Y22.3008 Z-1.0000 S24000
G1 F1000 X89.8021 Y22.4509 Z-1.0000 S24000
G1 F1000 X89.8022 Y22.4509 Z-1.0000 S24000
G1 F1000 X89.8997 Y22.5920 Z-1.0000 S24000
G1 F1000 X89.8996 Y22.5920 Z-1.0000 S24000
G1 F1000 X90.0029 Y22.7428 Z-1.0000 S24000
G1 F1000 X90.0995 Y22.8848 Z-1.0000 S24000
G1 F1000 X90.1979 Y23.0306 Z-1.0000 S24000
G1 F1000 X90.2967 Y23.1784 Z-1.0000 S24000
G1 F1000 X90.3947 Y23.3261 Z-1.0000 S24000
G1 F1000 X90.4953 Y23.4788 Z-1.0000 S24000
G1 F1000 X90.4954 Y23.4788 Z-1.0000 S24000
G1 F1000 X90.5888 Y23.6217 Z-1.0000 S24000
G1 F1000 X90.5887 Y23.6217 Z-1.0000 S24000
G1 F1000 X90.6851 Y23.7704 Z-1.0000 S24000
G1 F1000 X90.7840 Y23.9242 Z-1.0000 S24000
G1 F1000 X90.8760 Y24.0683 Z-1.0000 S24000
G1 F1000 X90.9710 Y24.2185 Z-1.0000 S24000
G1 F1000 X91.0649 Y24.3680 Z-1.0000 S24000
G1 F1000 X91.0648 Y24.3680 Z-1.0000 S24000
G1 F1000 X91.1585 Y24.5185 Z-1.0000 S24000
G1 F1000 X91.2546 Y24.6741 Z-1.0000 S24000
G1 F1000 X91.3441 Y24.8201 Z-1.0000 S24000
G1 F1000 X91.4359 Y24.9712 Z-1.0000 S24000
G1 F1000 X91.5271 Y25.1226 Z-1.0000 S24000
G1 F1000 X91.6180 Y25.2748 Z-1.0000 S24000
G1 F1000 X91.7087 Y25.4278 Z-1.0000 S24000
G1 F1000 X91.7978 Y25.5793 Z-1.0000 S24000
G1 F1000 X91.8898 Y25.7373 Z-1.0000 S24000
G1 F1000 X91.9759 Y25.8862 Z-1.0000 S24000
G1 F1000 X92.0637 Y26.0394 Z-1.0000 S24000
G1 F1000 X92.1511 Y26.1933 Z-1.0000 S24000
G1 F1000 X92.2408 Y26.3526 Z-1.0000 S24000
G1 F1000 X92.3244 Y26.5023 Z-1.0000 S24000
G1 F1000 X92.4102 Y26.6572 Z-1.0000 S24000
G1 F1000 X92.4952 Y26.8121 Z-1.0000 S24000
G1 F1000 X92.5799 Y26.9678 Z-1.0000 S24000
G1 F1000 X92.6667 Y27.1287 Z-1.0000 S24000
G1 F1000 X92.6668 Y27.1287 Z-1.0000 S24000
G1 F1000 X92.7476 Y27.2798 Z-1.0000 S24000
G1 F1000 X92.7475 Y27.2798 Z-1.0000 S24000
G1 F1000 X92.8331 Y27.4413 Z-1.0000 S24000
G1 F1000 X92.9125 Y27.5924 Z-1.0000 S24000
G1 F1000 X92.9969 Y27.7546 Z-1.0000 S24000
G1 F1000 X92.9970 Y27.7546 Z-1.0000 S24000
G1 F1000 X93.0758 Y27.9074 Z-1.0000 S24000
G1 F1000 X93.1579 Y28.0679 Z-1.0000 S24000
G1 F1000 X93.2364 Y28.2229 Z-1.0000 S24000
G1 F1000 X93.3155 Y28.3804 Z-1.0000 S24000
G1 F1000 X93.3945 Y28.5392 Z-1.0000 S24000
G1 F1000 X93.4729 Y28.6983 Z-1.0000 S24000
G1 F1000 X93.5503 Y28.8566 Z-1.0000 S24000
G1 F1000 X93.6274 Y29.0160 Z-1.0000 S24000
G1 F1000 X93.7041 Y29.1760 Z-1.0000 S24000
G1 F1000 X93.7802 Y29.3362 Z-1.0000 S24000
G1 F1000 X93.8554 Y29.4960 Z-1.0000 S24000
G1 F1000 X93.9298 Y29.6557 Z-1.0000 S24000
G1 F1000 X94.0042 Y29.8172 Z-1.0000 S24000
G1 F1000 X94.0778 Y29.9782 Z-1.0000 S24000
G1 F1000 X94.1532 Y30.1448 Z-1.0000 S24000
G1 F1000 X94.2231 Y30.3005 Z-1.0000 S24000
G1 F1000 X94.2952 Y30.4630 Z-1.0000 S24000
G1 F1000 X94.3662 Y30.6244 Z-1.0000 S24000
G1 F1000 X94.3661 Y30.6244 Z-1.0000 S24000
G1 F1000 X94.4368 Y30.7871 Z-1.0000 S24000
G1 F1000 X94.5068 Y30.9496 Z-1.0000 S24000
G1 F1000 X94.5785 Y31.1178 Z-1.0000 S24000
G1 F1000 X94.6451 Y31.2755 Z-1.0000 S24000
G1 F1000 X94.7131 Y31.4384 Z-1.0000 S24000
G1 F1000 X94.7808 Y31.6023 Z-1.0000 S24000
G1 F1000 X94.8500 Y31.7715 Z-1.0000 S24000
G1 F1000 X94.9141 Y31.9298 Z-1.0000 S24000
G1 F1000 X94.9802 Y32.0949 Z-1.0000 S24000
G1 F1000 X95.0451 Y32.2587 Z-1.0000 S24000
G1 F1000 X95.1118 Y32.4290 Z-1.0000 S24000
G1 F1000 X95.1119 Y32.4290 Z-1.0000 S24000
G1 F1000 X95.1737 Y32.5885 Z-1.0000 S24000
G1 F1000 X95.2370 Y32.7537 Z-1.0000 S24000
G1 F1000 X95.2999 Y32.9196 Z-1.0000 S24000
G1 F1000 X95.3622 Y33.0857 Z-1.0000 S24000
G1 F1000 X95.4236 Y33.2512 Z-1.0000 S24000
G1 F1000 X95.4844 Y33.4170 Z-1.0000 S24000
G1 F1000 X95.5449 Y33.5841 Z-1.0000 S24000
G1 F1000 X95.6046 Y33.7506 Z-1.0000 S24000
G1 F1000 X95.6636 Y33.9171 Z-1.0000 S24000
G1 F1000 X95.7221 Y34.0842 Z-1.0000 S24000
G1 F1000 X95.7800 Y34.2517 Z-1.0000 S24000
G1 F1000 X95.8391 Y34.4246 Z-1.0000 S24000
G1 F1000 X95.8392 Y34.4246 Z-1.0000 S24000
G1 F1000 X95.8937 Y34.5861 Z-1.0000 S24000
G1 F1000 X95.9515 Y34.7596 Z-1.0000 S24000
G1 F1000 X96.0054 Y34.9231 Z-1.0000 S24000
G1 F1000 X96.0053 Y34.9231 Z-1.0000 S24000
G1 F1000 X96.0578 Y35.0842 Z-1.0000 S24000
G1 F1000 X88.5009 Y34.3773 Z-1.0000 S24000
G1 F1000 X88.4439 Y34.2376 Z-1.0000 S24000
G1 F1000 X88.3716 Y34.0631 Z-1.0000 S24000
G1 F1000 X88.2977 Y33.8868 Z-1.0000 S24000
G1 F1000 X88.2230 Y33.7111 Z-1.0000 S24000
G1 F1000 X88.1480 Y33.5370 Z-1.0000 S24000
G1 F1000 X88.0719 Y33.3624 Z-1.0000 S24000
G1 F1000 X87.9952 Y33.1885 Z-1.0000 S24000
G1 F1000 X87.9172 Y33.0140 Z-1.0000 S24000
G1 F1000 X87.8390 Y32.8412 Z-1.0000 S24000
G1 F1000 X87.7597 Y32.6680 Z-1.0000 S24000
G1 F1000 X87.6795 Y32.4949 Z-1.0000 S24000
G1 F1000 X87.5989 Y32.3232 Z-1.0000 S24000
G1 F1000 X87.5172 Y32.1509 Z-1.0000 S24000
G1 F1000 X87.4347 Y31.9792 Z-1.0000 S24000
G1 F1000 X87.3518 Y31.8086 Z-1.0000 S24000
G1 F1000 X87.2673 Y31.6367 Z-1.0000 S24000
G1 F1000 X87.1829 Y31.4672 Z-1.0000 S24000
G1 F1000 X87.0974 Y31.2972 Z-1.0000 S24000
G1 F1000 X87.0107 Y31.1267 Z-1.0000 S24000
G1 F1000 X86.9239 Y30.9581 Z-1.0000 S24000
G1 F1000 X86.8361 Y30.7896 Z-1.0000 S24000
G1 F1000 X86.7473 Y30.6207 Z-1.0000 S24000
G1 F1000 X86.6580 Y30.4529 Z-1.0000 S24000
G1 F1000 X86.5676 Y30.2849 Z-1.0000 S24000
G1 F1000 X86.4768 Y30.1180 Z-1.0000 S24000
G1 F1000 X86.3852 Y29.9515 Z-1.0000 S24000
G1 F1000 X86.2925 Y29.7847 Z-1.0000 S24000
G1 F1000 X86.1994 Y29.6190 Z-1.0000 S24000
G1 F1000 X86.1053 Y29.4534 Z-1.0000 S24000
G1 F1000 X86.0105 Y29.2883 Z-1.0000 S24000
G1 F1000 X85.9153 Y29.1242 Z-1.0000 S24000
G1 F1000 X85.8188 Y28.9596 Z-1.0000 S24000
G1 F1000 X85.7220 Y28.7961 Z-1.0000 S24000
G1 F1000 X85.6237 Y28.6320 Z-1.0000 S24000
G1 F1000 X85.5257 Y28.4700 Z-1.0000 S24000
G1 F1000 X85.4266 Y28.3079 Z-1.0000 S24000
G1 F1000 X85.3262 Y28.1451 Z-1.0000 S24000
G1 F1000 X85.2256 Y27.9839 Z-1.0000 S24000
G1 F1000 X85.1240 Y27.8227 Z-1.0000 S24000
G1 F1000 X85.0224 Y27.6631 Z-1.0000 S24000
G1 F1000 X84.9190 Y27.5022 Z-1.0000 S24000
G1 F1000 X84.8155 Y27.3428 Z-1.0000 S24000
G1 F1000 X84.7110 Y27.1835 Z-1.0000 S24000
G1 F1000 X84.6060 Y27.0251 Z-1.0000 S24000
G1 F1000 X84.5005 Y26.8673 Z-1.0000 S24000
G1 F1000 X84.3935 Y26.7089 Z-1.0000 S24000
G1 F1000 X84.2865 Y26.5521 Z-1.0000 S24000
G1 F1000 X84.1783 Y26.3951 Z-1.0000 S24000
G1 F1000 X84.0698 Y26.2393 Z-1.0000 S24000
G1 F1000 X83.9603 Y26.0834 Z-1.0000 S24000
G1 F1000 X83.8501 Y25.9280 Z-1.0000 S24000
G1 F1000 X83.7399 Y25.7741 Z-1.0000 S24000
G1 F1000 X83.6280 Y25.6193 Z-1.0000 S24000
G1 F1000 X83.5160 Y25.4659 Z-1.0000 S24000
G1 F1000 X83.4026 Y25.3120 Z-1.0000 S24000
G1 F1000 X83.2896 Y25.1602 Z-1.0000 S24000
G1 F1000 X83.1752 Y25.0079 Z-1.0000 S24000
G1 F1000 X83.0598 Y24.8556 Z-1.0000 S24000
G1 F1000 X82.9447 Y24.7054 Z-1.0000 S24000
G1 F1000 X82.8279 Y24.5542 Z-1.0000 S24000
G1 F1000 X82.7111 Y24.4046 Z-1.0000 S24000
G1 F1000 X82.5936 Y24.2553 Z-1.0000 S24000
G1 F1000 X82.4751 Y24.1062 Z-1.0000 S24000
G1 F1000 X82.3556 Y23.9572 Z-1.0000 S24000
G1 F1000 X82.2365 Y23.8102 Z-1.0000 S24000
G1 F1000 X82.1156 Y23.6622 Z-1.0000 S24000
G1 F1000 X81.9948 Y23.5158 Z-1.0000 S24000
G1 F1000 X81.8726 Y23.3689 Z-1.0000 S24000
G1 F1000 X81.7504 Y23.2237 Z-1.0000 S24000
G1 F1000 X81.6276 Y23.0789 Z-1.0000 S24000
G1 F1000 X81.5042 Y22.9347 Z-1.0000 S24000
G1 F1000 X81.3793 Y22.7900 Z-1.0000 S24000
G1 F1000 X81.2542 Y22.6465 Z-1.0000 S24000
G1 F1000 X81.1288 Y22.5040 Z-1.0000 S24000
G1 F1000 X81.0020 Y22.3612 Z-1.0000 S24000
G1 F1000 X80.8757 Y22.2203 Z-1.0000 S24000
G1 F1000 X80.7480 Y22.0790 Z-1.0000 S24000
G1 F1000 X80.6193 Y21.9379 Z-1.0000 S24000
G1 F1000 X80.4907 Y21.7983 Z-1.0000 S24000
G1 F1000 X80.3615 Y21.6593 Z-1.0000 S24000
G1 F1000 X80.2308 Y21.5199 Z-1.0000 S24000
G1 F1000 X80.1003 Y21.3821 Z-1.0000 S24000
G1 F1000 X79.9689 Y21.2444 Z-1.0000 S24000
G1 F1000 X79.8367 Y21.1073 Z-1.0000 S24000
G1 F1000 X79.7039 Y20.9707 Z-1.0000 S24000
G1 F1000 X79.5710 Y20.8353 Z-1.0000 S24000
G1 F1000 X79.4374 Y20.7004 Z-1.0000 S24000
G1 F1000 X79.3025 Y20.5653 Z-1.0000 S24000
G1 F1000 X79.1672 Y20.4312 Z-1.0000 S24000
G1 F1000 X79.0318 Y20.2982 Z-1.0000 S24000
G1 F1000 X78.8959 Y20.1658 Z-1.0000 S24000
G1 F1000 X78.7584 Y20.0331 Z-1.0000 S24000
G1 F1000 X78.6208 Y19.9015 Z-1.0000 S24000
G1 F1000 X78.4830 Y19.7710 Z-1.0000 S24000
G1 F1000 X78.3442 Y19.6407 Z-1.0000 S24000
G1 F1000 X78.2048 Y19.5110 Z-1.0000 S24000
G1 F1000 X78.0652 Y19.3823 Z-1.0000 S24000
G1 F1000 X77.9247 Y19.2538 Z-1.0000 S24000
G1 F1000 X77.7835 Y19.1260 Z-1.0000 S24000
G1 F1000 X77.6423 Y18.9993 Z-1.0000 S24000
G1 F1000 X77.4995 Y18.8723 Z-1.0000 S24000
G1 F1000 X77.3574 Y18.7472 Z-1.0000 S24000
G1 F1000 X77.2132 Y18.6212 Z-1.0000 S24000
G1 F1000 X77.0700 Y18.4975 Z-1.0000 S24000
G1 F1000 X76.9254 Y18.3735 Z-1.0000 S24000
G1 F1000 X76.7802 Y18.2502 Z-1.0000 S24000
G1 F1000 X76.6351 Y18.1281 Z-1.0000 S24000
G1 F1000 X76.4878 Y18.0053 Z-1.0000 S24000
G1 F1000 X76.3423 Y17.8853 Z-1.0000 S24000
G1 F1000 X76.1945 Y17.7642 Z-1.0000 S24000
G1 F1000 X76.0465 Y17.6442 Z-1.0000 S24000
G1 F1000 X75.8985 Y17.5254 Z-1.0000 S24000
G1 F1000 X75.7500 Y17.4072 Z-1.0000 S24000
G1 F1000 X75.6000 Y17.2889 Z-1.0000 S24000
G1 F1000 X75.4499 Y17.1716 Z-1.0000 S24000
G1 F1000 X75.3001 Y17.0558 Z-1.0000 S24000
G1 F1000 X75.1486 Y16.9395 Z-1.0000 S24000
G1 F1000 X74.9974 Y16.8248 Z-1.0000 S24000
G1 F1000 X74.8446 Y16.7098 Z-1.0000 S24000
G1 F1000 X74.6927 Y16.5968 Z-1.0000 S24000
G1 F1000 X74.5397 Y16.4837 Z-1.0000 S24000
G1 F1000 X74.3858 Y16.3713 Z-1.0000 S24000
G1 F1000 X74.2313 Y16.2594 Z-1.0000 S24000
G1 F1000 X74.0773 Y16.1490 Z-1.0000 S24000
G1 F1000 X73.9217 Y16.0385 Z-1.0000 S24000
G1 F1000 X73.7663 Y15.9292 Z-1.0000 S24000
G1 F1000 X73.6103 Y15.8204 Z-1.0000 S24000
G1 F1000 X73.4534 Y15.7122 Z-1.0000 S24000
G1 F1000 X73.2959 Y15.6046 Z-1.0000 S24000
G1 F1000 X73.1391 Y15.4986 Z-1.0000 S24000
G1 F1000 X72.9805 Y15.3923 Z-1.0000 S24000
G1 F1000 X72.8221 Y15.2872 Z-1.0000 S24000
G1 F1000 X72.6632 Y15.1829 Z-1.0000 S24000
G1 F1000 X72.5036 Y15.0791 Z-1.0000 S24000
G1 F1000 X72.3434 Y14.9760 Z-1.0000 S24000
G1 F1000 X72.1831 Y14.8738 Z-1.0000 S24000
G1 F1000 X72.0220 Y14.7722 Z-1.0000 S24000
G1 F1000 X71.8601 Y14.6711 Z-1.0000 S24000
G1 F1000 X71.6991 Y14.5716 Z-1.0000 S24000
G1 F1000 X71.5360 Y14.4718 Z-1.0000 S24000
G1 F1000 X71.3734 Y14.3733 Z-1.0000 S24000
G1 F1000 X71.2104 Y14.2757 Z-1.0000 S24000
G1 F1000 X71.0466 Y14.1785 Z-1.0000 S24000
G1 F1000 X70.8831 Y14.0825 Z-1.0000 S24000
G1 F1000 X70.7178 Y13.9864 Z-1.0000 S24000
G1 F1000 X70.5526 Y13.8915 Z-1.0000 S24000
G1 F1000 X70.3877 Y13.7978 Z-1.0000 S24000
G1 F1000 X70.2215 Y13.7042 Z-1.0000 S24000
G1 F1000 X70.0551 Y13.6116 Z-1.0000 S24000
G1 F1000 X69.8889 Y13.5201 Z-1.0000 S24000
G1 F1000 X69.7210 Y13.4287 Z-1.0000 S24000
G1 F1000 X69.5540 Y13.3387 Z-1.0000 S24000
G1 F1000 X69.3860 Y13.2492 Z-1.0000 S24000
G1 F1000 X69.2175 Y13.1604 Z-1.0000 S24000
G1 F1000 X69.0483 Y13.0722 Z-1.0000 S24000
G1 F1000 X68.8801 Y12.9856 Z-1.0000 S24000
G1 F1000 X68.7097 Y12.8987 Z-1.0000 S24000
G1 F1000 X68.5397 Y12.8131 Z-1.0000 S24000
G1 F1000 X68.3699 Y12.7286 Z-1.0000 S24000
G1 F1000 X68.1987 Y12.6442 Z-1.0000 S24000
G1 F1000 X68.0272 Y12.5608 Z-1.0000 S24000
G1 F1000 X67.8562 Y12.4786 Z-1.0000 S24000
G1 F1000 X67.6839 Y12.3967 Z-1.0000 S24000
G1 F1000 X67.5119 Y12.3160 Z-1.0000 S24000
G1 F1000 X67.3394 Y12.2359 Z-1.0000 S24000
G1 F1000 X67.1657 Y12.1563 Z-1.0000 S24000
G1 F1000 X66.9929 Y12.0780 Z-1.0000 S24000
G1 F1000 X66.8183 Y11.9999 Z-1.0000 S24000
G1 F1000 X66.6453 Y11.9235 Z-1.0000 S24000
G1 F1000 X66.4700 Y11.8470 Z-1.0000 S24000
G1 F1000 X66.2958 Y11.7720 Z-1.0000 S24000
G1 F1000 X66.1203 Y11.6973 Z-1.0000 S24000
G1 F1000 X65.9446 Y11.6235 Z-1.0000 S24000
G1 F1000 X65.7687 Y11.5506 Z-1.0000 S24000
G1 F1000 X65.5924 Y11.4785 Z-1.0000 S24000
G1 F1000 X65.4163 Y11.4074 Z-1.0000 S24000
G1 F1000 X65.2393 Y11.3369 Z-1.0000 S24000
G1 F1000 X65.0623 Y11.2673 Z-1.0000 S24000
G1 F1000 X64.8845 Y11.1983 Z-1.0000 S24000
G1 F1000 X64.7066 Y11.1303 Z-1.0000 S24000
G1 F1000 X64.5286 Y11.0632 Z-1.0000 S24000
G1 F1000 X64.3506 Y10.9970 Z-1.0000 S24000
G1 F1000 X64.1713 Y10.9312 Z-1.0000 S24000
G1 F1000 X63.9919 Y10.8664 Z-1.0000 S24000
G1 F1000 X63.8135 Y10.8029 Z-1.0000 S24000
G1 F1000 X63.6330 Y10.7395 Z-1.0000 S24000
G1 F1000 X63.4538 Y10.6776 Z-1.0000 S24000
G1 F1000 X63.2730 Y10.6159 Z-1.0000 S24000
G1 F1000 X63.0924 Y10.5554 Z-1.0000 S24000
G1 F1000 X62.9124 Y10.4959 Z-1.0000 S24000
G1 F1000 X62.7307 Y10.4368 Z-1.0000 S24000
G1 F1000 X62.5494 Y10.3787 Z-1.0000 S24000
G1 F1000 X62.3687 Y10.3219 Z-1.0000 S24000
G1 F1000 X62.1853 Y10.2649 Z-1.0000 S24000
G1 F1000 X62.0047 Y10.2099 Z-1.0000 S24000
G1 F1000 X61.8211 Y10.1548 Z-1.0000 S24000
G1 F1000 X61.6393 Y10.1013 Z-1.0000 S24000
G1 F1000 X61.4564 Y10.0482 Z-1.0000 S24000
G1 F1000 X61.2728 Y9.9959 Z-1.0000 S24000
G1 F1000 X61.0895 Y9.9446 Z-1.0000 S24000
G1 F1000 X60.9067 Y9.8944 Z-1.0000 S24000
G1 F1000 X60.7216 Y9.8444 Z-1.0000 S24000
G1 F1000 X60.5384 Y9.7959 Z-1.0000 S24000
G1 F1000 X60.3543 Y9.7481 Z-1.0000 S24000
G1 F1000 X60.1693 Y9.7008 Z-1.0000 S24000
G1 F1000 X59.9845 Y9.6546 Z-1.0000 S24000
G1 F1000 X59.8000 Y9.6094 Z-1.0000 S24000
G1 F1000 X59.6150 Y9.5649 Z-1.0000 S24000
G1 F1000 X59.4290 Y9.5211 Z-1.0000 S24000
G1 F1000 X59.2438 Y9.4785 Z-1.0000 S24000
G1 F1000 X59.0592 Y9.4368 Z-1.0000 S24000
G1 F1000 X58.8716 Y9.3953 Z-1.0000 S24000
G1 F1000 X58.6868 Y9.3554 Z-1.0000 S24000
G1 F1000 X58.4997 Y9.3158 Z-1.0000 S24000
G1 F1000 X58.3138 Y9.2775 Z-1.0000 S24000
G1 F1000 X58.1265 Y9.2397 Z-1.0000 S24000
G1 F1000 X57.9405 Y9.2032 Z-1.0000 S24000
G1 F1000 X57.7524 Y9.1670 Z-1.0000 S24000
G1 F1000 X57.5663 Y9.1322 Z-1.0000 S24000
G1 F1000 X57.3783 Y9.0979 Z-1.0000 S24000
G1 F1000 X57.1913 Y9.0647 Z-1.0000 S24000
G1 F1000 X57.0038 Y9.0323 Z-1.0000 S24000
G1 F1000 X56.8165 Y9.0008 Z-1.0000 S24000
G1 F1000 X56.6280 Y8.9699 Z-1.0000 S24000
G1 F1000 X56.4401 Y8.9401 Z-1.0000 S24000
G1 F1000 X56.2516 Y8.9111 Z-1.0000 S24000
G1 F1000 X56.0636 Y8.8830 Z-1.0000 S24000
G1 F1000 X55.8755 Y8.8559 Z-1.0000 S24000
G1 F1000 X55.6864 Y8.8294 Z-1.0000 S24000
G1 F1000 X55.4980 Y8.8040 Z-1.0000 S24000
G1 F1000 X55.3096 Y8.7794 Z-1.0000 S24000
G1 F1000 X55.1202 Y8.7555 Z-1.0000 S24000
G1 F1000 X54.9315 Y8.7327 Z-1.0000 S24000
G1 F1000 X54.7427 Y8.7107 Z-1.0000 S24000
G1 F1000 X54.5530 Y8.6894 Z-1.0000 S24000
G1 F1000 X54.3640 Y8.6692 Z-1.0000 S24000
G1 F1000 X54.1751 Y8.6498 Z-1.0000 S24000
G1 F1000 X53.9851 Y8.6312 Z-1.0000 S24000
G1 F1000 X53.7958 Y8.6135 Z-1.0000 S24000
G1 F1000 X53.6066 Y8.5967 Z-1.0000 S24000
G1 F1000 X53.4164 Y8.5807 Z-1.0000 S24000
G1 F1000 X53.2269 Y8.5657 Z-1.0000 S24000
G1 F1000 X53.0375 Y8.5515 Z-1.0000 S24000
G1 F1000 X52.8471 Y8.5380 Z-1.0000 S24000
G1 F1000 X52.6575 Y8.5256 Z-1.0000 S24000
G1 F1000 X52.4679 Y8.5140 Z-1.0000 S24000
G1 F1000 X52.2772 Y8.5031 Z-1.0000 S24000
G1 F1000 X52.0875 Y8.4933 Z-1.0000 S24000
G1 F1000 X51.8978 Y8.4843 Z-1.0000 S24000
G1 F1000 X51.7071 Y8.4761 Z-1.0000 S24000
G1 F1000 X51.5172 Y8.4688 Z-1.0000 S24000
G1 F1000 X51.3274 Y8.4624 Z-1.0000 S24000
G1 F1000 X51.1365 Y8.4568 Z-1.0000 S24000
G1 F1000 X50.9475 Y8.4521 Z-1.0000 S24000
G1 F1000 X50.7567 Y8.4482 Z-1.0000 S24000
G1 F1000 X50.5658 Y8.4452 Z-1.0000 S24000
G1 F1000 X50.3768 Y8.4431 Z-1.0000 S24000
G1 F1000 X50.1859 Y8.4418 Z-1.0000 S24000
G1 F1000 X49.9957 Y8.4414 Z-1.0000 S24000
G1 F1000 X49.8047 Y8.4418 Z-1.0000 S24000
G1 F1000 X49.6155 Y8.4432 Z-1.0000 S24000
G1 F1000 X49.4248 Y8.4453 Z-1.0000 S24000
G1 F1000 X49.2341 Y8.4483 Z-1.0000 S24000
G1 F1000 X49.0449 Y8.4523 Z-1.0000 S24000
G1 F1000 X48.8540 Y8.4570 Z-1.0000 S24000
G1 F1000 X48.6645 Y8.4626 Z-1.0000 S24000
G1 F1000 X48.4744 Y8.4691 Z-1.0000 S24000
G1 F1000 X48.2835 Y8.4764 Z-1.0000 S24000
G1 F1000 X48.0939 Y8.4846 Z-1.0000 S24000
G1 F1000 X47.9044 Y8.4936 Z-1.0000 S24000
G1 F1000 X47.7135 Y8.5036 Z-1.0000 S24000
G1 F1000 X47.5247 Y8.5143 Z-1.0000 S24000
G1 F1000 X47.3335 Y8.5260 Z-1.0000 S24000
G1 F1000 X47.1447 Y8.5385 Z-1.0000 S24000
G1 F1000 X46.9543 Y8.5519 Z-1.0000 S24000
G1 F1000 X46.7647 Y8.5661 Z-1.0000 S24000
G1 F1000 X46.5748 Y8.5812 Z-1.0000 S24000
G1 F1000 X46.3854 Y8.5972 Z-1.0000 S24000
G1 F1000 X46.1958 Y8.6141 Z-1.0000 S24000
G1 F1000 X46.0069 Y8.6317 Z-1.0000 S24000
G1 F1000 X45.8169 Y8.6503 Z-1.0000 S24000
G1 F1000 X45.6279 Y8.6697 Z-1.0000 S24000
G1 F1000 X45.4379 Y8.6901 Z-1.0000 S24000
G1 F1000 X45.2496 Y8.7113 Z-1.0000 S24000
G1 F1000 X45.0605 Y8.7333 Z-1.0000 S24000
G1 F1000 X44.8709 Y8.7563 Z-1.0000 S24000
G1 F1000 X44.6826 Y8.7801 Z-1.0000 S24000
G1 F1000 X44.4942 Y8.8047 Z-1.0000 S24000
G1 F1000 X44.3056 Y8.8302 Z-1.0000 S24000
G1 F1000 X44.1165 Y8.8566 Z-1.0000 S24000
G1 F1000 X43.9280 Y8.8839 Z-1.0000 S24000
G1 F1000 X43.7408 Y8.9119 Z-1.0000 S24000
G1 F1000 X43.5516 Y8.9410 Z-1.0000 S24000
G1 F1000 X43.3644 Y8.9707 Z-1.0000 S24000
G1 F1000 X43.1760 Y9.0015 Z-1.0000 S24000
G1 F1000 X42.9882 Y9.0331 Z-1.0000 S24000
G1 F1000 X42.8016 Y9.0655 Z-1.0000 S24000
G1 F1000 X42.6135 Y9.0988 Z-1.0000 S24000
G1 F1000 X42.4263 Y9.1330 Z-1.0000 S24000
G1 F1000 X42.2389 Y9.1681 Z-1.0000 S24000
G1 F1000 X42.0526 Y9.2039 Z-1.0000 S24000
G1 F1000 X41.8654 Y9.2407 Z-1.0000 S24000
G1 F1000 X41.6787 Y9.2784 Z-1.0000 S24000
G1 F1000 X41.4925 Y9.3169 Z-1.0000 S24000
G1 F1000 X41.3069 Y9.3561 Z-1.0000 S24000
G1 F1000 X41.1201 Y9.3964 Z-1.0000 S24000
G1 F1000 X40.9339 Y9.4375 Z-1.0000 S24000
G1 F1000 X40.7489 Y9.4793 Z-1.0000 S24000
G1 F1000 X40.5635 Y9.5220 Z-1.0000 S24000
G1 F1000 X40.3774 Y9.5658 Z-1.0000 S24000
G1 F1000 X40.1933 Y9.6101 Z-1.0000 S24000
G1 F1000 X40.0075 Y9.6557 Z-1.0000 S24000
G1 F1000 X39.8232 Y9.7018 Z-1.0000 S24000
G1 F1000 X39.6390 Y9.7488 Z-1.0000 S24000
G1 F1000 X39.4544 Y9.7968 Z-1.0000 S24000
G1 F1000 X39.2703 Y9.8456 Z-1.0000 S24000
G1 F1000 X39.0867 Y9.8951 Z-1.0000 S24000
G1 F1000 X38.9031 Y9.9456 Z-1.0000 S24000
G1 F1000 X38.7202 Y9.9968 Z-1.0000 S24000
G1 F1000 X38.5370 Y10.0489 Z-1.0000 S24000
G1 F1000 X38.3533 Y10.1021 Z-1.0000 S24000
G1 F1000 X38.1718 Y10.1557 Z-1.0000 S24000
G1 F1000 X37.9891 Y10.2105 Z-1.0000 S24000
G1 F1000 X37.8063 Y10.2662 Z-1.0000 S24000
G1 F1000 X37.6258 Y10.3222 Z-1.0000 S24000
G1 F1000 X37.4428 Y10.3798 Z-1.0000 S24000
G1 F1000 X37.2627 Y10.4375 Z-1.0000 S24000
G1 F1000 X37.0809 Y10.4966 Z-1.0000 S24000
G1 F1000 X36.9007 Y10.5561 Z-1.0000 S24000
G1 F1000 X36.7201 Y10.6167 Z-1.0000 S24000
G1 F1000 X36.5395 Y10.6782 Z-1.0000 S24000
G1 F1000 X36.3599 Y10.7403 Z-1.0000 S24000
G1 F1000 X36.1805 Y10.8033 Z-1.0000 S24000
G1 F1000 X36.0007 Y10.8673 Z-1.0000 S24000
G1 F1000 X35.8216 Y10.9321 Z-1.0000 S24000
G1 F1000 X35.6432 Y10.9975 Z-1.0000 S24000
G1 F1000 X35.4654 Y11.0636 Z-1.0000 S24000
G1 F1000 X35.2861 Y11.1312 Z-1.0000 S24000
G1 F1000 X35.1094 Y11.1988 Z-1.0000 S24000
G1 F1000 X34.9310 Y11.2679 Z-1.0000 S24000
G1 F1000 X34.7542 Y11.3374 Z-1.0000 S24000
G1 F1000 X34.5780 Y11.4076 Z-1.0000 S24000
G1 F1000 X34.4010 Y11.4790 Z-1.0000 S24000
G1 F1000 X34.2241 Y11.5513 Z-1.0000 S24000
G1 F1000 X34.0490 Y11.6240 Z-1.0000 S24000
G1 F1000 X33.8738 Y11.6975 Z-1.0000 S24000
G1 F1000 X33.6985 Y11.7720 Z-1.0000 S24000
G1 F1000 X33.5228 Y11.8477 Z-1.0000 S24000
G1 F1000 X33.3491 Y11.9235 Z-1.0000 S24000
G1 F1000 X33.1749 Y12.0004 Z-1.0000 S24000
G1 F1000 X33.0011 Y12.0782 Z-1.0000 S24000
G1 F1000 X32.8276 Y12.1567 Z-1.0000 S24000
G1 F1000 X32.6549 Y12.2358 Z-1.0000 S24000
G1 F1000 X32.4818 Y12.3161 Z-1.0000 S24000
G1 F1000 X32.3098 Y12.3969 Z-1.0000 S24000
G1 F1000 X32.1378 Y12.4786 Z-1.0000 S24000
G1 F1000 X31.9666 Y12.5609 Z-1.0000 S24000
G1 F1000 X31.7950 Y12.6443 Z-1.0000 S24000
G1 F1000 X31.6238 Y12.7286 Z-1.0000 S24000
G1 F1000 X31.4545 Y12.8129 Z-1.0000 S24000
G1 F1000 X31.2843 Y12.8986 Z-1.0000 S24000
G1 F1000 X31.1139 Y12.9853 Z-1.0000 S24000
G1 F1000 X30.9452 Y13.0723 Z-1.0000 S24000
G1 F1000 X30.7766 Y13.1601 Z-1.0000 S24000
G1 F1000 X30.6080 Y13.2489 Z-1.0000 S24000
G1 F1000 X30.4404 Y13.3382 Z-1.0000 S24000
G1 F1000 X30.2722 Y13.4287 Z-1.0000 S24000
G1 F1000 X30.1055 Y13.5195 Z-1.0000 S24000
G1 F1000 X29.9384 Y13.6115 Z-1.0000 S24000
G1 F1000 X29.7728 Y13.7037 Z-1.0000 S24000
G1 F1000 X29.6071 Y13.7968 Z-1.0000 S24000
G1 F1000 X29.4404 Y13.8915 Z-1.0000 S24000
G1 F1000 X29.2762 Y13.9860 Z-1.0000 S24000
G1 F1000 X29.1118 Y14.0814 Z-1.0000 S24000
G1 F1000 X28.9479 Y14.1776 Z-1.0000 S24000
G1 F1000 X28.7830 Y14.2753 Z-1.0000 S24000
G1 F1000 X28.6209 Y14.3725 Z-1.0000 S24000
G1 F1000 X28.4581 Y14.4710 Z-1.0000 S24000
G1 F1000 X28.2954 Y14.5705 Z-1.0000 S24000
G1 F1000 X28.1337 Y14.6704 Z-1.0000 S24000
G1 F1000 X27.9715 Y14.7716 Z-1.0000 S24000
G1 F1000 X27.8114 Y14.8727 Z-1.0000 S24000
G1 F1000 X27.6508 Y14.9750 Z-1.0000 S24000
G1 F1000 X27.4910 Y15.0778 Z-1.0000 S24000
G1 F1000 X27.3306 Y15.1819 Z-1.0000 S24000
G1 F1000 X27.1720 Y15.2862 Z-1.0000 S24000
G1 F1000 X27.0137 Y15.3911 Z-1.0000 S24000
G1 F1000 X26.8558 Y15.4968 Z-1.0000 S24000
G1 F1000 X26.6976 Y15.6038 Z-1.0000 S24000
G1 F1000 X26.5407 Y15.7109 Z-1.0000 S24000
G1 F1000 X26.3839 Y15.8191 Z-1.0000 S24000
G1 F1000 X26.2281 Y15.9275 Z-1.0000 S24000
G1 F1000 X26.0722 Y16.0372 Z-1.0000 S24000
G1 F1000 X25.9174 Y16.1471 Z-1.0000 S24000
G1 F1000 X25.7621 Y16.2583 Z-1.0000 S24000
G1 F1000 X25.6083 Y16.3697 Z-1.0000 S24000
G1 F1000 X25.4550 Y16.4817 Z-1.0000 S24000
G1 F1000 X25.3017 Y16.5948 Z-1.0000 S24000
G1 F1000 X25.1490 Y16.7085 Z-1.0000 S24000
G1 F1000 X24.9973 Y16.8226 Z-1.0000 S24000
G1 F1000 X24.8455 Y16.9377 Z-1.0000 S24000
G1 F1000 X24.6943 Y17.0536 Z-1.0000 S24000
G1 F1000 X24.5442 Y17.1697 Z-1.0000 S24000
G1 F1000 X24.3940 Y17.2869 Z-1.0000 S24000
G1 F1000 X24.2445 Y17.4048 Z-1.0000 S24000
G1 F1000 X24.0955 Y17.5233 Z-1.0000 S24000
G1 F1000 X23.9475 Y17.6422 Z-1.0000 S24000
G1 F1000 X23.7995 Y17.7621 Z-1.0000 S24000
G1 F1000 X23.6526 Y17.8823 Z-1.0000 S24000
G1 F1000 X23.5052 Y18.0039 Z-1.0000 S24000
G1 F1000 X23.3594 Y18.1254 Z-1.0000 S24000
G1 F1000 X23.2137 Y18.2480 Z-1.0000 S24000
G1 F1000 X23.0691 Y18.3708 Z-1.0000 S24000
G1 F1000 X22.9244 Y18.4946 Z-1.0000 S24000
G1 F1000 X22.7804 Y18.6191 Z-1.0000 S24000
G1 F1000 X22.6369 Y18.7443 Z-1.0000 S24000
G1 F1000 X22.4945 Y18.8698 Z-1.0000 S24000
G1 F1000 X22.3522 Y18.9962 Z-1.0000 S24000
G1 F1000 X22.2104 Y19.1233 Z-1.0000 S24000
G1 F1000 X22.0697 Y19.2507 Z-1.0000 S24000
G1 F1000 X21.9286 Y19.3795 Z-1.0000 S24000
G1 F1000 X21.7891 Y19.5081 Z-1.0000 S24000
G1 F1000 X21.6497 Y19.6378 Z-1.0000 S24000
G1 F1000 X21.5113 Y19.7677 Z-1.0000 S24000
G1 F1000 X21.3726 Y19.8990 Z-1.0000 S24000
G1 F1000 X21.2354 Y20.0302 Z-1.0000 S24000
G1 F1000 X21.0984 Y20.1623 Z-1.0000 S24000
G1 F1000 X20.9624 Y20.2947 Z-1.0000 S24000
G1 F1000 X20.8266 Y20.4281 Z-1.0000 S24000
G1 F1000 X20.6914 Y20.5621 Z-1.0000 S24000
G1 F1000 X20.5568 Y20.6967 Z-1.0000 S24000
G1 F1000 X20.4231 Y20.8316 Z-1.0000 S24000
G1 F1000 X20.2894 Y20.9678 Z-1.0000 S24000
G1 F1000 X20.1571 Y21.1038 Z-1.0000 S24000
G1 F1000 X20.0249 Y21.2410 Z-1.0000 S24000
G1 F1000 X19.8938 Y21.3781 Z-1.0000 S24000
G1 F1000 X19.7629 Y21.5164 Z-1.0000 S24000
G1 F1000 X19.6327 Y21.6552 Z-1.0000 S24000
G1 F1000 X19.5029 Y21.7947 Z-1.0000 S24000
G1 F1000 X19.3744 Y21.9343 Z-1.0000 S24000
G1 F1000 X19.2460 Y22.0748 Z-1.0000 S24000
G1 F1000 X19.1183 Y22.2160 Z-1.0000 S24000
G1 F1000 X18.9912 Y22.3578 Z-1.0000 S24000
G1 F1000 X18.8651 Y22.4998 Z-1.0000 S24000
G1 F1000 X18.7393 Y22.6426 Z-1.0000 S24000
G1 F1000 X18.6142 Y22.7860 Z-1.0000 S24000
G1 F1000 X18.4901 Y22.9297 Z-1.0000 S24000
G1 F1000 X18.3658 Y23.0748 Z-1.0000 S24000
G1 F1000 X18.2430 Y23.2195 Z-1.0000 S24000
G1 F1000 X18.1205 Y23.3653 Z-1.0000 S24000
G1 F1000 X17.9995 Y23.5106 Z-1.0000 S24000
G1 F1000 X17.8774 Y23.6584 Z-1.0000 S24000
G1 F1000 X17.7577 Y23.8049 Z-1.0000 S24000
G1 F1000 X17.6373 Y23.9534 Z-1.0000 S24000
G1 F1000 X17.5187 Y24.1013 Z-1.0000 S24000
G1 F1000 X17.3996 Y24.2510 Z-1.0000 S24000
G1 F1000 X17.2830 Y24.3991 Z-1.0000 S24000
G1 F1000 X17.1650 Y24.5502 Z-1.0000 S24000
G1 F1000 X17.0489 Y24.7003 Z-1.0000 S24000
G1 F1000 X16.9335 Y24.8510 Z-1.0000 S24000
G1 F1000 X16.8179 Y25.0033 Z-1.0000 S24000
G1 F1000 X16.7040 Y25.1550 Z-1.0000 S24000
G1 F1000 X16.5906 Y25.3073 Z-1.0000 S24000
G1 F1000 X16.4775 Y25.4606 Z-1.0000 S24000
G1 F1000 X16.3651 Y25.6144 Z-1.0000 S24000
G1 F1000 X16.2535 Y25.7688 Z-1.0000 S24000
G1 F1000 X16.1428 Y25.9232 Z-1.0000 S24000
G1 F1000 X16.0331 Y26.0780 Z-1.0000 S24000
G1 F1000 X15.9231 Y26.2344 Z-1.0000 S24000
G1 F1000 X15.8151 Y26.3895 Z-1.0000 S24000
G1 F1000 X15.7061 Y26.5475 Z-1.0000 S24000
G1 F1000 X15.5995 Y26.7039 Z-1.0000 S24000
G1 F1000 X15.4932 Y26.8611 Z-1.0000 S24000
G1 F1000 X15.3868 Y27.0200 Z-1.0000 S24000
G1 F1000 X15.2818 Y27.1784 Z-1.0000 S24000
G1 F1000 X15.1780 Y27.3367 Z-1.0000 S24000
G1 F1000 X15.0735 Y27.4973 Z-1.0000 S24000
G1 F1000 X14.9710 Y27.6568 Z-1.0000 S24000
G1 F1000 X14.8685 Y27.8178 Z-1.0000 S24000
G1 F1000 X14.7672 Y27.9786 Z-1.0000 S24000
G1 F1000 X14.6668 Y28.1395 Z-1.0000 S24000
G1 F1000 X14.5665 Y28.3018 Z-1.0000 S24000
G1 F1000 X14.4674 Y28.4640 Z-1.0000 S24000
G1 F1000 X14.3686 Y28.6272 Z-1.0000 S24000
G1 F1000 X14.2714 Y28.7896 Z-1.0000 S24000
G1 F1000 X14.1738 Y28.9540 Z-1.0000 S24000
G1 F1000 X14.0777 Y29.1180 Z-1.0000 S24000
G1 F1000 X13.9819 Y29.2830 Z-1.0000 S24000
G1 F1000 X13.8877 Y29.4471 Z-1.0000 S24000
G1 F1000 X13.7932 Y29.6133 Z-1.0000 S24000
G1 F1000 X13.7003 Y29.7786 Z-1.0000 S24000
G1 F1000 X13.6075 Y29.9453 Z-1.0000 S24000
G1 F1000 X13.5158 Y30.1121 Z-1.0000 S24000
G1 F1000 X13.4250 Y30.2791 Z-1.0000 S24000
G1 F1000 X13.3347 Y30.4467 Z-1.0000 S24000
G1 F1000 X13.2454 Y30.6144 Z-1.0000 S24000
G1 F1000 X13.1563 Y30.7835 Z-1.0000 S24000
G1 F1000 X13.0688 Y30.9518 Z-1.0000 S24000
G1 F1000 X12.9818 Y31.1207 Z-1.0000 S24000
G1 F1000 X12.8952 Y31.2907 Z-1.0000 S24000
G1 F1000 X12.8096 Y31.4608 Z-1.0000 S24000
G1 F1000 X12.7250 Y31.6309 Z-1.0000 S24000
G1 F1000 X12.6410 Y31.8017 Z-1.0000 S24000
G1 F1000 X12.5578 Y31.9727 Z-1.0000 S24000
G1 F1000 X12.4752 Y32.1446 Z-1.0000 S24000
G1 F1000 X12.3934 Y32.3169 Z-1.0000 S24000
G1 F1000 X12.3131 Y32.4882 Z-1.0000 S24000
G1 F1000 X12.2327 Y32.6614 Z-1.0000 S24000
G1 F1000 X12.1531 Y32.8351 Z-1.0000 S24000
G1 F1000 X12.0753 Y33.0072 Z-1.0000 S24000
G1 F1000 X11.9972 Y33.1818 Z-1.0000 S24000
G1 F1000 X11.9202 Y33.3563 Z-1.0000 S24000
G1 F1000 X11.8445 Y33.5301 Z-1.0000 S24000
G1 F1000 X11.7693 Y33.7046 Z-1.0000 S24000
G1 F1000 X11.6946 Y33.8804 Z-1.0000 S24000
G1 F1000 X11.6208 Y34.0562 Z-1.0000 S24000
G1 F1000 X11.5483 Y34.2314 Z-1.0000 S24000
G1 F1000 X11.4762 Y34.4077 Z-1.0000 S24000
G1 F1000 X11.4049 Y34.5843 Z-1.0000 S24000
G1 F1000 X11.3347 Y34.7607 Z-1.0000 S24000
G1 F1000 X11.2647 Y34.9388 Z-1.0000 S24000
G1 F1000 X11.1961 Y35.1161 Z-1.0000 S24000
G1 F1000 X11.1283 Y35.2934 Z-1.0000 S24000
G1 F1000 X11.0611 Y35.4717 Z-1.0000 S24000
G1 F1000 X10.9949 Y35.6499 Z-1.0000 S24000
G1 F1000 X10.9290 Y35.8295 Z-1.0000 S24000
G1 F1000 X10.8649 Y36.0073 Z-1.0000 S24000
G1 F1000 X10.8005 Y36.1880 Z-1.0000 S24000
G1 F1000 X10.7379 Y36.3667 Z-1.0000 S24000
G1 F1000 X10.6756 Y36.5469 Z-1.0000 S24000
G1 F1000 X10.6145 Y36.7264 Z-1.0000 S24000
G1 F1000 X10.5535 Y36.9081 Z-1.0000 S24000
G1 F1000 X10.4941 Y37.0883 Z-1.0000 S24000
G1 F1000 X10.4352 Y37.2694 Z-1.0000 S24000
G1 F1000 X10.3773 Y37.4504 Z-1.0000 S24000
G1 F1000 X10.3201 Y37.6319 Z-1.0000 S24000
G1 F1000 X10.2635 Y37.8146 Z-1.0000 S24000
G1 F1000 X10.2083 Y37.9960 Z-1.0000 S24000
G1 F1000 X10.1536 Y38.1786 Z-1.0000 S24000
G1 F1000 X10.1000 Y38.3605 Z-1.0000 S24000
G1 F1000 X10.0466 Y38.5444 Z-1.0000 S24000
G1 F1000 X9.9948 Y38.7268 Z-1.0000 S24000
G1 F1000 X9.9434 Y38.9103 Z-1.0000 S24000
G1 F1000 X9.8930 Y39.0939 Z-1.0000 S24000
G1 F1000 X9.8433 Y39.2782 Z-1.0000 S24000
G1 F1000 X9.7949 Y39.4612 Z-1.0000 S24000
G1 F1000 X9.7468 Y39.6460 Z-1.0000 S24000
G1 F1000 X9.6997 Y39.8307 Z-1.0000 S24000
G1 F1000 X9.6537 Y40.0149 Z-1.0000 S24000
G1 F1000 X9.6082 Y40.2004 Z-1.0000 S24000
G1 F1000 X9.5640 Y40.3846 Z-1.0000 S24000
G1 F1000 X9.5202 Y40.5706 Z-1.0000 S24000
G1 F1000 X9.4776 Y40.7556 Z-1.0000 S24000
G1 F1000 X9.4355 Y40.9422 Z-1.0000 S24000
G1 F1000 X9.3948 Y41.1271 Z-1.0000 S24000
G1 F1000 X9.3545 Y41.3136 Z-1.0000 S24000
G1 F1000 X9.3152 Y41.4996 Z-1.0000 S24000
G1 F1000 X9.2767 Y41.6860 Z-1.0000 S24000
G1 F1000 X9.2390 Y41.8731 Z-1.0000 S24000
G1 F1000 X9.2024 Y42.0594 Z-1.0000 S24000
G1 F1000 X9.1665 Y42.2464 Z-1.0000 S24000
G1 F1000 X9.1314 Y42.4342 Z-1.0000 S24000
G1 F1000 X9.0974 Y42.6208 Z-1.0000 S24000
G1 F1000 X9.0641 Y42.8080 Z-1.0000 S24000
G1 F1000 X9.0317 Y42.9955 Z-1.0000 S24000
G1 F1000 X9.0000 Y43.1838 Z-1.0000 S24000
G1 F1000 X8.9693 Y43.3720 Z-1.0000 S24000
G1 F1000 X8.9397 Y43.5591 Z-1.0000 S24000
G1 F1000 X8.9108 Y43.7470 Z-1.0000 S24000
G1 F1000 X8.8825 Y43.9364 Z-1.0000 S24000
G1 F1000 X8.8555 Y44.1236 Z-1.0000 S24000
G1 F1000 X8.8290 Y44.3128 Z-1.0000 S24000
G1 F1000 X8.8036 Y44.5012 Z-1.0000 S24000
G1 F1000 X8.7789 Y44.6903 Z-1.0000 S24000
G1 F1000 X8.7553 Y44.8780 Z-1.0000 S24000
G1 F1000 X8.7323 Y45.0677 Z-1.0000 S24000
G1 F1000 X8.7102 Y45.2571 Z-1.0000 S24000
G1 F1000 X8.6891 Y45.4460 Z-1.0000 S24000
G1 F1000 X8.6689 Y45.6349 Z-1.0000 S24000
G1 F1000 X8.6495 Y45.8240 Z-1.0000 S24000
G1 F1000 X8.6309 Y46.0138 Z-1.0000 S24000
G1 F1000 X8.6132 Y46.2031 Z-1.0000 S24000
G1 F1000 X8.5964 Y46.3924 Z-1.0000 S24000
G1 F1000 X8.5804 Y46.5825 Z-1.0000 S24000
G1 F1000 X8.5653 Y46.7727 Z-1.0000 S24000
G1 F1000 X8.5512 Y46.9613 Z-1.0000 S24000
G1 F1000 X8.5378 Y47.1518 Z-1.0000 S24000
G1 F1000 X8.5254 Y47.3413 Z-1.0000 S24000
G1 F1000 X8.5138 Y47.5309 Z-1.0000 S24000
G1 F1000 X8.5029 Y47.7215 Z-1.0000 S24000
G1 F1000 X8.4931 Y47.9113 Z-1.0000 S24000
G1 F1000 X8.4841 Y48.1009 Z-1.0000 S24000
G1 F1000 X8.4759 Y48.2915 Z-1.0000 S24000
G1 F1000 X8.4686 Y48.4815 Z-1.0000 S24000
G1 F1000 X8.4622 Y48.6714 Z-1.0000 S24000
G1 F1000 X8.4566 Y48.8620 Z-1.0000 S24000
G1 F1000 X8.4519 Y49.0519 Z-1.0000 S24000
G1 F1000 X8.4481 Y49.2419 Z-1.0000 S24000
G1 F1000 X8.4451 Y49.4319 Z-1.0000 S24000
G1 F1000 X8.4429 Y49.6226 Z-1.0000 S24000
G1 F1000 X8.4417 Y49.8126 Z-1.0000 S24000
G1 F1000 X8.4413 Y50.0028 Z-1.0000 S24000
G1 F1000 X8.4417 Y50.1930 Z-1.0000 S24000
G1 F1000 X8.4430 Y50.3839 Z-1.0000 S24000
G1 F1000 X8.4452 Y50.5738 Z-1.0000 S24000
G1 F1000 X8.4482 Y50.7636 Z-1.0000 S24000
G1 F1000 X8.4521 Y50.9537 Z-1.0000 S24000
G1 F1000 X8.4568 Y51.1445 Z-1.0000 S24000
G1 F1000 X8.4624 Y51.3342 Z-1.0000 S24000
G1 F1000 X8.4689 Y51.5241 Z-1.0000 S24000
G1 F1000 X8.4762 Y51.7149 Z-1.0000 S24000
G1 F1000 X8.4844 Y51.9047 Z-1.0000 S24000
G1 F1000 X8.4934 Y52.0942 Z-1.0000 S24000
G1 F1000 X8.5034 Y52.2850 Z-1.0000 S24000
G1 F1000 X8.5142 Y52.4748 Z-1.0000 S24000
G1 F1000 X8.5258 Y52.6641 Z-1.0000 S24000
G1 F1000 X8.5383 Y52.8546 Z-1.0000 S24000
G1 F1000 X8.5517 Y53.0435 Z-1.0000 S24000
G1 F1000 X8.5659 Y53.2338 Z-1.0000 S24000
G1 F1000 X8.5810 Y53.4236 Z-1.0000 S24000
G1 F1000 X8.5970 Y53.6133 Z-1.0000 S24000
G1 F1000 X8.6139 Y53.8027 Z-1.0000 S24000
G1 F1000 X8.6316 Y53.9924 Z-1.0000 S24000
G1 F1000 X8.6502 Y54.1815 Z-1.0000 S24000
G1 F1000 X8.6696 Y54.3708 Z-1.0000 S24000
G1 F1000 X8.6899 Y54.5598 Z-1.0000 S24000
G1 F1000 X8.7111 Y54.7489 Z-1.0000 S24000
G1 F1000 X8.7331 Y54.9380 Z-1.0000 S24000
G1 F1000 X8.7561 Y55.1276 Z-1.0000 S24000
G1 F1000 X8.7799 Y55.3159 Z-1.0000 S24000
G1 F1000 X8.8045 Y55.5043 Z-1.0000 S24000
G1 F1000 X8.8301 Y55.6938 Z-1.0000 S24000
G1 F1000 X8.8564 Y55.8812 Z-1.0000 S24000
G1 F1000 X8.8837 Y56.0704 Z-1.0000 S24000
G1 F1000 X8.9117 Y56.2579 Z-1.0000 S24000
G1 F1000 X8.9408 Y56.4467 Z-1.0000 S24000
G1 F1000 X8.9706 Y56.6343 Z-1.0000 S24000
G1 F1000 X9.0013 Y56.8225 Z-1.0000 S24000
G1 F1000 X9.0329 Y57.0103 Z-1.0000 S24000
G1 F1000 X9.0654 Y57.1976 Z-1.0000 S24000
G1 F1000 X9.0986 Y57.3843 Z-1.0000 S24000
G1 F1000 X9.1328 Y57.5725 Z-1.0000 S24000
G1 F1000 X9.1679 Y57.7594 Z-1.0000 S24000
G1 F1000 X9.2037 Y57.9460 Z-1.0000 S24000
G1 F1000 X9.2405 Y58.1332 Z-1.0000 S24000
G1 F1000 X9.2782 Y58.3199 Z-1.0000 S24000
G1 F1000 X9.3167 Y58.5063 Z-1.0000 S24000
G1 F1000 X9.3558 Y58.6915 Z-1.0000 S24000
G1 F1000 X9.3962 Y58.8787 Z-1.0000 S24000
G1 F1000 X9.4373 Y59.0644 Z-1.0000 S24000
G1 F1000 X9.4792 Y59.2499 Z-1.0000 S24000
G1 F1000 X9.5220 Y59.4356 Z-1.0000 S24000
G1 F1000 X9.5655 Y59.6204 Z-1.0000 S24000
G1 F1000 X9.6102 Y59.8063 Z-1.0000 S24000
G1 F1000 X9.6553 Y59.9902 Z-1.0000 S24000
G1 F1000 X9.7015 Y60.1751 Z-1.0000 S24000
G1 F1000 X9.7486 Y60.3598 Z-1.0000 S24000
G1 F1000 X9.7966 Y60.5441 Z-1.0000 S24000
G1 F1000 X9.8453 Y60.7280 Z-1.0000 S24000
G1 F1000 X9.8950 Y60.9122 Z-1.0000 S24000
G1 F1000 X9.9454 Y61.0954 Z-1.0000 S24000
G1 F1000 X9.9966 Y61.2783 Z-1.0000 S24000
G1 F1000 X10.0490 Y61.4623 Z-1.0000 S24000
G1 F1000 X10.1018 Y61.6444 Z-1.0000 S24000
G1 F1000 X10.1555 Y61.8265 Z-1.0000 S24000
G1 F1000 X10.2103 Y62.0098 Z-1.0000 S24000
G1 F1000 X10.2659 Y62.1920 Z-1.0000 S24000
G1 F1000 X10.3223 Y62.3738 Z-1.0000 S24000
G1 F1000 X10.3794 Y62.5549 Z-1.0000 S24000
G1 F1000 X10.4376 Y62.7366 Z-1.0000 S24000
G1 F1000 X10.4961 Y62.9166 Z-1.0000 S24000
G1 F1000 X10.5559 Y63.0979 Z-1.0000 S24000
G1 F1000 X10.6169 Y63.2796 Z-1.0000 S24000
G1 F1000 X10.6777 Y63.4580 Z-1.0000 S24000
G1 F1000 X10.7401 Y63.6387 Z-1.0000 S24000
G1 F1000 X10.8032 Y63.8184 Z-1.0000 S24000
G1 F1000 X10.8670 Y63.9975 Z-1.0000 S24000
G1 F1000 X10.9320 Y64.1772 Z-1.0000 S24000
G1 F1000 X10.9972 Y64.3550 Z-1.0000 S24000
G1 F1000 X11.0634 Y64.5332 Z-1.0000 S24000
G1 F1000 X11.1310 Y64.7125 Z-1.0000 S24000
G1 F1000 X11.1987 Y64.8895 Z-1.0000 S24000
G1 F1000 X11.2677 Y65.0675 Z-1.0000 S24000
G1 F1000 X11.3372 Y65.2443 Z-1.0000 S24000
G1 F1000 X11.4074 Y65.4205 Z-1.0000 S24000
G1 F1000 X11.4791 Y65.5982 Z-1.0000 S24000
G1 F1000 X11.5508 Y65.7734 Z-1.0000 S24000
G1 F1000 X11.6238 Y65.9496 Z-1.0000 S24000
G1 F1000 X11.6973 Y66.1248 Z-1.0000 S24000
G1 F1000 X11.7720 Y66.3005 Z-1.0000 S24000
G1 F1000 X11.8475 Y66.4757 Z-1.0000 S24000
G1 F1000 X11.9233 Y66.6494 Z-1.0000 S24000
G1 F1000 X12.0001 Y66.8233 Z-1.0000 S24000
G1 F1000 X12.0781 Y66.9979 Z-1.0000 S24000
G1 F1000 X12.1565 Y67.1709 Z-1.0000 S24000
G1 F1000 X12.2356 Y67.3436 Z-1.0000 S24000
G1 F1000 X12.3159 Y67.5167 Z-1.0000 S24000
G1 F1000 X12.3967 Y67.6887 Z-1.0000 S24000
G1 F1000 X12.4784 Y67.8607 Z-1.0000 S24000
G1 F1000 X12.5610 Y68.0326 Z-1.0000 S24000
G1 F1000 X12.6439 Y68.2028 Z-1.0000 S24000
G1 F1000 X12.7282 Y68.3743 Z-1.0000 S24000
G1 F1000 X12.8129 Y68.5445 Z-1.0000 S24000
G1 F1000 X12.8984 Y68.7142 Z-1.0000 S24000
G1 F1000 X12.9849 Y68.8842 Z-1.0000 S24000
G1 F1000 X13.0723 Y69.0538 Z-1.0000 S24000
G1 F1000 X13.1599 Y69.2219 Z-1.0000 S24000
G1 F1000 X13.2487 Y69.3905 Z-1.0000 S24000
G1 F1000 X13.3382 Y69.5584 Z-1.0000 S24000
G1 F1000 X13.4285 Y69.7261 Z-1.0000 S24000
G1 F1000 X13.5191 Y69.8926 Z-1.0000 S24000
G1 F1000 X13.6113 Y70.0602 Z-1.0000 S24000
G1 F1000 X13.7035 Y70.2258 Z-1.0000 S24000
G1 F1000 X13.7968 Y70.3919 Z-1.0000 S24000
G1 F1000 X13.8911 Y70.5577 Z-1.0000 S24000
G1 F1000 X13.9858 Y70.7224 Z-1.0000 S24000
G1 F1000 X14.0812 Y70.8868 Z-1.0000 S24000
G1 F1000 X14.1776 Y71.0511 Z-1.0000 S24000
G1 F1000 X14.2748 Y71.2151 Z-1.0000 S24000
G1 F1000 X14.3726 Y71.3781 Z-1.0000 S24000
G1 F1000 X14.4708 Y71.5404 Z-1.0000 S24000
G1 F1000 X14.5703 Y71.7031 Z-1.0000 S24000
G1 F1000 X14.6706 Y71.8654 Z-1.0000 S24000
G1 F1000 X14.7711 Y72.0264 Z-1.0000 S24000
G1 F1000 X14.8725 Y72.1871 Z-1.0000 S24000
G1 F1000 X14.9748 Y72.3477 Z-1.0000 S24000
G1 F1000 X15.0776 Y72.5075 Z-1.0000 S24000
G1 F1000 X15.1817 Y72.6679 Z-1.0000 S24000
G1 F1000 X15.2857 Y72.8261 Z-1.0000 S24000
G1 F1000 X15.3909 Y72.9849 Z-1.0000 S24000
G1 F1000 X15.4969 Y73.1432 Z-1.0000 S24000
G1 F1000 X15.6036 Y73.3009 Z-1.0000 S24000
G1 F1000 X15.7107 Y73.4578 Z-1.0000 S24000
G1 F1000 X15.8189 Y73.6146 Z-1.0000 S24000
G1 F1000 X15.9271 Y73.7699 Z-1.0000 S24000
G1 F1000 X16.0373 Y73.9268 Z-1.0000 S24000
G1 F1000 X16.1469 Y74.0811 Z-1.0000 S24000
G1 F1000 X16.2578 Y74.2360 Z-1.0000 S24000
G1 F1000 X16.3698 Y74.3907 Z-1.0000 S24000
G1 F1000 X16.4812 Y74.5430 Z-1.0000 S24000
G1 F1000 X16.5946 Y74.6969 Z-1.0000 S24000
G1 F1000 X16.7087 Y74.8500 Z-1.0000 S24000
G1 F1000 X16.8221 Y75.0008 Z-1.0000 S24000
G1 F1000 X16.9380 Y75.1536 Z-1.0000 S24000
G1 F1000 X17.0534 Y75.3041 Z-1.0000 S24000
G1 F1000 X17.1695 Y75.4543 Z-1.0000 S24000
G1 F1000 X17.2867 Y75.6045 Z-1.0000 S24000
G1 F1000 X17.4046 Y75.7540 Z-1.0000 S24000
G1 F1000 X17.5231 Y75.9030 Z-1.0000 S24000
G1 F1000 X17.6416 Y76.0506 Z-1.0000 S24000
G1 F1000 X17.7622 Y76.1995 Z-1.0000 S24000
G1 F1000 X17.8821 Y76.3459 Z-1.0000 S24000
G1 F1000 X18.0037 Y76.4933 Z-1.0000 S24000
G1 F1000 X18.1252 Y76.6391 Z-1.0000 S24000
G1 F1000 X18.2478 Y76.7848 Z-1.0000 S24000
G1 F1000 X18.3702 Y76.9290 Z-1.0000 S24000
G1 F1000 X18.4948 Y77.0746 Z-1.0000 S24000
G1 F1000 X18.6190 Y77.2182 Z-1.0000 S24000
G1 F1000 X18.7442 Y77.3616 Z-1.0000 S24000
G1 F1000 X18.8696 Y77.5040 Z-1.0000 S24000
G1 F1000 X18.9961 Y77.6464 Z-1.0000 S24000
G1 F1000 X19.1231 Y77.7881 Z-1.0000 S24000
G1 F1000 X19.2509 Y77.9293 Z-1.0000 S24000
G1 F1000 X19.3789 Y78.0694 Z-1.0000 S24000
G1 F1000 X19.5079 Y78.2094 Z-1.0000 S24000
G1 F1000 X19.6376 Y78.3488 Z-1.0000 S24000
G1 F1000 X19.7675 Y78.4872 Z-1.0000 S24000
G1 F1000 X19.8988 Y78.6259 Z-1.0000 S24000
G1 F1000 X20.0295 Y78.7626 Z-1.0000 S24000
G1 F1000 X20.1625 Y78.9006 Z-1.0000 S24000
G1 F1000 X20.2945 Y79.0361 Z-1.0000 S24000
G1 F1000 X20.4279 Y79.1719 Z-1.0000 S24000
G1 F1000 X20.5619 Y79.3071 Z-1.0000 S24000
G1 F1000 X20.6966 Y79.4418 Z-1.0000 S24000
G1 F1000 X20.8318 Y79.5758 Z-1.0000 S24000
G1 F1000 X20.9668 Y79.7083 Z-1.0000 S24000
G1 F1000 X21.1041 Y79.8420 Z-1.0000 S24000
G1 F1000 X21.2403 Y79.9732 Z-1.0000 S24000
G1 F1000 X21.3784 Y80.1052 Z-1.0000 S24000
G1 F1000 X21.5162 Y80.2356 Z-1.0000 S24000
G1 F1000 X21.6551 Y80.3660 Z-1.0000 S24000
G1 F1000 X21.7945 Y80.4956 Z-1.0000 S24000
G1 F1000 X21.9345 Y80.6245 Z-1.0000 S24000
G1 F1000 X22.0747 Y80.7525 Z-1.0000 S24000
G1 F1000 X22.2154 Y80.8798 Z-1.0000 S24000
G1 F1000 X22.3576 Y81.0073 Z-1.0000 S24000
G1 F1000 X22.4996 Y81.1334 Z-1.0000 S24000
G1 F1000 X22.6428 Y81.2595 Z-1.0000 S24000
G1 F1000 X22.7855 Y81.3839 Z-1.0000 S24000
G1 F1000 X22.9299 Y81.5088 Z-1.0000 S24000
G1 F1000 X23.0742 Y81.6323 Z-1.0000 S24000
G1 F1000 X23.2193 Y81.7555 Z-1.0000 S24000
G1 F1000 X23.3646 Y81.8776 Z-1.0000 S24000
G1 F1000 X23.5114 Y81.9999 Z-1.0000 S24000
G1 F1000 X23.6579 Y82.1208 Z-1.0000 S24000
G1 F1000 X23.8051 Y82.2411 Z-1.0000 S24000
G1 F1000 X23.9533 Y82.3612 Z-1.0000 S24000
G1 F1000 X24.1008 Y82.4795 Z-1.0000 S24000
G1 F1000 X24.2502 Y82.5985 Z-1.0000 S24000
G1 F1000 X24.3999 Y82.7164 Z-1.0000 S24000
G1 F1000 X24.5497 Y82.8332 Z-1.0000 S24000
G1 F1000 X24.7001 Y82.9496 Z-1.0000 S24000
G1 F1000 X24.8512 Y83.0653 Z-1.0000 S24000
G1 F1000 X25.0023 Y83.1798 Z-1.0000 S24000
G1 F1000 X25.1548 Y83.2946 Z-1.0000 S24000
G1 F1000 X25.3081 Y83.4087 Z-1.0000 S24000
G1 F1000 X25.4601 Y83.5207 Z-1.0000 S24000
G1 F1000 X25.6142 Y83.6334 Z-1.0000 S24000
G1 F1000 X25.7686 Y83.7450 Z-1.0000 S24000
G1 F1000 X25.9230 Y83.8557 Z-1.0000 S24000
G1 F1000 X26.0782 Y83.9657 Z-1.0000 S24000
G1 F1000 X26.2337 Y84.0750 Z-1.0000 S24000
G1 F1000 X26.3900 Y84.1839 Z-1.0000 S24000
G1 F1000 X26.5465 Y84.2917 Z-1.0000 S24000
G1 F1000 X26.7037 Y84.3991 Z-1.0000 S24000
G1 F1000 X26.8619 Y84.5060 Z-1.0000 S24000
G1 F1000 X27.0195 Y84.6114 Z-1.0000 S24000
G1 F1000 X27.1782 Y84.7167 Z-1.0000 S24000
G1 F1000 X27.3369 Y84.8207 Z-1.0000 S24000
G1 F1000 X27.4969 Y84.9247 Z-1.0000 S24000
G1 F1000 X27.6570 Y85.0277 Z-1.0000 S24000
G1 F1000 X27.8173 Y85.1298 Z-1.0000 S24000
G1 F1000 X27.9778 Y85.2309 Z-1.0000 S24000
G1 F1000 X28.1403 Y85.3324 Z-1.0000 S24000
G1 F1000 X28.3013 Y85.4318 Z-1.0000 S24000
G1 F1000 X28.4638 Y85.5311 Z-1.0000 S24000
G1 F1000 X28.6270 Y85.6299 Z-1.0000 S24000
G1 F1000 X28.7898 Y85.7274 Z-1.0000 S24000
G1 F1000 X28.9535 Y85.8245 Z-1.0000 S24000
G1 F1000 X29.1178 Y85.9208 Z-1.0000 S24000
G1 F1000 X29.2828 Y86.0166 Z-1.0000 S24000
G1 F1000 X29.4469 Y86.1108 Z-1.0000 S24000
G1 F1000 X29.6131 Y86.2053 Z-1.0000 S24000
G1 F1000 X29.7784 Y86.2982 Z-1.0000 S24000
G1 F1000 X29.9455 Y86.3912 Z-1.0000 S24000
G1 F1000 X30.1120 Y86.4827 Z-1.0000 S24000
G1 F1000 X30.2786 Y86.5734 Z-1.0000 S24000
G1 F1000 X30.4465 Y86.6638 Z-1.0000 S24000
G1 F1000 X30.6146 Y86.7533 Z-1.0000 S24000
G1 F1000 X30.7828 Y86.8418 Z-1.0000 S24000
G1 F1000 X30.9520 Y86.9300 Z-1.0000 S24000
G1 F1000 X31.1205 Y87.0167 Z-1.0000 S24000
G1 F1000 X31.2909 Y87.1035 Z-1.0000 S24000
G1 F1000 X31.4607 Y87.1889 Z-1.0000 S24000
G1 F1000 X31.6308 Y87.2735 Z-1.0000 S24000
G1 F1000 X31.8013 Y87.3574 Z-1.0000 S24000
G1 F1000 X31.9728 Y87.4408 Z-1.0000 S24000
G1 F1000 X32.1445 Y87.5233 Z-1.0000 S24000
G1 F1000 X32.3168 Y87.6051 Z-1.0000 S24000
G1 F1000 X32.4881 Y87.6854 Z-1.0000 S24000
G1 F1000 X32.6613 Y87.7658 Z-1.0000 S24000
G1 F1000 X32.8347 Y87.8452 Z-1.0000 S24000
G1 F1000 X33.0073 Y87.9233 Z-1.0000 S24000
G1 F1000 X33.1817 Y88.0013 Z-1.0000 S24000
G1 F1000 X33.3559 Y88.0782 Z-1.0000 S24000
G1 F1000 X33.5303 Y88.1542 Z-1.0000 S24000
G1 F1000 X33.7042 Y88.2290 Z-1.0000 S24000
G1 F1000 X33.8802 Y88.3039 Z-1.0000 S24000
G1 F1000 X34.0560 Y88.3777 Z-1.0000 S24000
G1 F1000 X34.2315 Y88.4503 Z-1.0000 S24000
G1 F1000 X34.4076 Y88.5223 Z-1.0000 S24000
G1 F1000 X34.5842 Y88.5936 Z-1.0000 S24000
G1 F1000 X34.7613 Y88.6641 Z-1.0000 S24000
G1 F1000 X34.9379 Y88.7334 Z-1.0000 S24000
G1 F1000 X35.1160 Y88.8024 Z-1.0000 S24000
G1 F1000 X35.2931 Y88.8701 Z-1.0000 S24000
G1 F1000 X35.4718 Y88.9375 Z-1.0000 S24000
G1 F1000 X35.6498 Y89.0036 Z-1.0000 S24000
G1 F1000 X35.8294 Y89.0695 Z-1.0000 S24000
G1 F1000 X36.0080 Y89.1339 Z-1.0000 S24000
G1 F1000 X36.1872 Y89.1977 Z-1.0000 S24000
G1 F1000 X36.3666 Y89.2606 Z-1.0000 S24000
G1 F1000 X36.5468 Y89.3229 Z-1.0000 S24000
G1 F1000 X36.7271 Y89.3843 Z-1.0000 S24000
G1 F1000 X36.9072 Y89.4446 Z-1.0000 S24000
G1 F1000 X37.0879 Y89.5043 Z-1.0000 S24000
G1 F1000 X37.2692 Y89.5633 Z-1.0000 S24000
G1 F1000 X37.4504 Y89.6213 Z-1.0000 S24000
G1 F1000 X37.6324 Y89.6786 Z-1.0000 S24000
G1 F1000 X37.8139 Y89.7347 Z-1.0000 S24000
G1 F1000 X37.9957 Y89.7901 Z-1.0000 S24000
G1 F1000 X38.1786 Y89.8450 Z-1.0000 S24000
G1 F1000 X38.3604 Y89.8985 Z-1.0000 S24000
G1 F1000 X38.5441 Y89.9518 Z-1.0000 S24000
G1 F1000 X38.7269 Y90.0038 Z-1.0000 S24000
G1 F1000 X38.9102 Y90.0551 Z-1.0000 S24000
G1 F1000 X39.0936 Y90.1054 Z-1.0000 S24000
G1 F1000 X39.2782 Y90.1553 Z-1.0000 S24000
G1 F1000 X39.4617 Y90.2038 Z-1.0000 S24000
G1 F1000 X39.6452 Y90.2514 Z-1.0000 S24000
G1 F1000 X39.8306 Y90.2988 Z-1.0000 S24000
G1 F1000 X40.0146 Y90.3447 Z-1.0000 S24000
G1 F1000 X40.2004 Y90.3903 Z-1.0000 S24000
G1 F1000 X40.3845 Y90.4345 Z-1.0000 S24000
G1 F1000 X40.5705 Y90.4783 Z-1.0000 S24000
G1 F1000 X40.7555 Y90.5209 Z-1.0000 S24000
G1 F1000 X40.9421 Y90.5630 Z-1.0000 S24000
G1 F1000 X41.1270 Y90.6037 Z-1.0000 S24000
G1 F1000 X41.3133 Y90.6440 Z-1.0000 S24000
G1 F1000 X41.4996 Y90.6833 Z-1.0000 S24000
G1 F1000 X41.6867 Y90.7219 Z-1.0000 S24000
G1 F1000 X41.8722 Y90.7592 Z-1.0000 S24000
G1 F1000 X42.0593 Y90.7961 Z-1.0000 S24000
G1 F1000 X42.2471 Y90.8321 Z-1.0000 S24000
G1 F1000 X42.4333 Y90.8669 Z-1.0000 S24000
G1 F1000 X42.6207 Y90.9011 Z-1.0000 S24000
G1 F1000 X42.8079 Y90.9344 Z-1.0000 S24000
G1 F1000 X42.9962 Y90.9669 Z-1.0000 S24000
G1 F1000 X43.1827 Y90.9982 Z-1.0000 S24000
G1 F1000 X43.3719 Y91.0292 Z-1.0000 S24000
G1 F1000 X43.5590 Y91.0588 Z-1.0000 S24000
G1 F1000 X43.7477 Y91.0878 Z-1.0000 S24000
G1 F1000 X43.9355 Y91.1158 Z-1.0000 S24000
G1 F1000 X44.1235 Y91.1430 Z-1.0000 S24000
G1 F1000 X44.3127 Y91.1695 Z-1.0000 S24000
G1 F1000 X44.5011 Y91.1949 Z-1.0000 S24000
G1 F1000 X44.6902 Y91.2196 Z-1.0000 S24000
G1 F1000 X44.8779 Y91.2432 Z-1.0000 S24000
G1 F1000 X45.0676 Y91.2662 Z-1.0000 S24000
G1 F1000 X45.2570 Y91.2883 Z-1.0000 S24000
G1 F1000 X45.4459 Y91.3094 Z-1.0000 S24000
G1 F1000 X45.6348 Y91.3296 Z-1.0000 S24000
G1 F1000 X45.8239 Y91.3490 Z-1.0000 S24000
G1 F1000 X46.0137 Y91.3676 Z-1.0000 S24000
G1 F1000 X46.2030 Y91.3853 Z-1.0000 S24000
G1 F1000 X46.3932 Y91.4022 Z-1.0000 S24000
G1 F1000 X46.5824 Y91.4180 Z-1.0000 S24000
G1 F1000 X46.7718 Y91.4330 Z-1.0000 S24000
G1 F1000 X46.9612 Y91.4473 Z-1.0000 S24000
G1 F1000 X47.1517 Y91.4607 Z-1.0000 S24000
G1 F1000 X47.3412 Y91.4731 Z-1.0000 S24000
G1 F1000 X47.5316 Y91.4848 Z-1.0000 S24000
G1 F1000 X47.7205 Y91.4954 Z-1.0000 S24000
G1 F1000 X47.9112 Y91.5054 Z-1.0000 S24000
G1 F1000 X48.1017 Y91.5145 Z-1.0000 S24000
G1 F1000 X48.2906 Y91.5225 Z-1.0000 S24000
G1 F1000 X48.4814 Y91.5299 Z-1.0000 S24000
G1 F1000 X48.6722 Y91.5363 Z-1.0000 S24000
G1 F1000 X48.8610 Y91.5418 Z-1.0000 S24000
G1 F1000 X49.0518 Y91.5466 Z-1.0000 S24000
G1 F1000 X49.2418 Y91.5504 Z-1.0000 S24000
G1 F1000 X49.4318 Y91.5534 Z-1.0000 S24000
G1 F1000 X49.6225 Y91.5556 Z-1.0000 S24000
G1 F1000 X49.8125 Y91.5568 Z-1.0000 S24000
G1 F1000 X50.0027 Y91.5572 Z-1.0000 S24000
G1 F1000 X50.1929 Y91.5568 Z-1.0000 S24000
G1 F1000 X50.3838 Y91.5555 Z-1.0000 S24000
G1 F1000 X50.5737 Y91.5533 Z-1.0000 S24000
G1 F1000 X50.7635 Y91.5503 Z-1.0000 S24000
G1 F1000 X50.9545 Y91.5464 Z-1.0000 S24000
G1 F1000 X51.1435 Y91.5416 Z-1.0000 S24000
G1 F1000 X51.3341 Y91.5361 Z-1.0000 S24000
G1 F1000 X51.5248 Y91.5296 Z-1.0000 S24000
G1 F1000 X51.7140 Y91.5223 Z-1.0000 S24000
G1 F1000 X51.9046 Y91.5141 Z-1.0000 S24000
G1 F1000 X52.0950 Y91.5050 Z-1.0000 S24000
G1 F1000 X52.2840 Y91.4951 Z-1.0000 S24000
G1 F1000 X52.4747 Y91.4843 Z-1.0000 S24000
G1 F1000 X52.6640 Y91.4727 Z-1.0000 S24000
G1 F1000 X52.8545 Y91.4602 Z-1.0000 S24000
G1 F1000 X53.0443 Y91.4467 Z-1.0000 S24000
G1 F1000 X53.2337 Y91.4325 Z-1.0000 S24000
G1 F1000 X53.4227 Y91.4175 Z-1.0000 S24000
G1 F1000 X53.6132 Y91.4015 Z-1.0000 S24000
G1 F1000 X53.8026 Y91.3846 Z-1.0000 S24000
G1 F1000 X53.9923 Y91.3669 Z-1.0000 S24000
G1 F1000 X54.1814 Y91.3483 Z-1.0000 S24000
G1 F1000 X54.3707 Y91.3289 Z-1.0000 S24000
G1 F1000 X54.5597 Y91.3086 Z-1.0000 S24000
G1 F1000 X54.7488 Y91.2874 Z-1.0000 S24000
G1 F1000 X54.9387 Y91.2653 Z-1.0000 S24000
G1 F1000 X55.1269 Y91.2424 Z-1.0000 S24000
G1 F1000 X55.3158 Y91.2186 Z-1.0000 S24000
G1 F1000 X55.5042 Y91.1940 Z-1.0000 S24000
G1 F1000 X55.6937 Y91.1684 Z-1.0000 S24000
G1 F1000 X55.8819 Y91.1420 Z-1.0000 S24000
G1 F1000 X56.0695 Y91.1149 Z-1.0000 S24000
G1 F1000 X56.2587 Y91.0866 Z-1.0000 S24000
G1 F1000 X56.4458 Y91.0578 Z-1.0000 S24000
G1 F1000 X56.6351 Y91.0278 Z-1.0000 S24000
G1 F1000 X56.8216 Y90.9972 Z-1.0000 S24000
G1 F1000 X57.0102 Y90.9656 Z-1.0000 S24000
G1 F1000 X57.1975 Y90.9331 Z-1.0000 S24000
G1 F1000 X57.3850 Y90.8998 Z-1.0000 S24000
G1 F1000 X57.5716 Y90.8657 Z-1.0000 S24000
G1 F1000 X57.7593 Y90.8306 Z-1.0000 S24000
G1 F1000 X57.9459 Y90.7948 Z-1.0000 S24000
G1 F1000 X58.1331 Y90.7580 Z-1.0000 S24000
G1 F1000 X58.3198 Y90.7203 Z-1.0000 S24000
G1 F1000 X58.5062 Y90.6818 Z-1.0000 S24000
G1 F1000 X58.6922 Y90.6425 Z-1.0000 S24000
G1 F1000 X58.8778 Y90.6024 Z-1.0000 S24000
G1 F1000 X59.0643 Y90.5612 Z-1.0000 S24000
G1 F1000 X59.2498 Y90.5193 Z-1.0000 S24000
G1 F1000 X59.4355 Y90.4765 Z-1.0000 S24000
G1 F1000 X59.6203 Y90.4330 Z-1.0000 S24000
G1 F1000 X59.8060 Y90.3884 Z-1.0000 S24000
G1 F1000 X59.9904 Y90.3431 Z-1.0000 S24000
G1 F1000 X60.1750 Y90.2970 Z-1.0000 S24000
G1 F1000 X60.3603 Y90.2497 Z-1.0000 S24000
G1 F1000 X60.5435 Y90.2020 Z-1.0000 S24000
G1 F1000 X60.7279 Y90.1532 Z-1.0000 S24000
G1 F1000 X60.9121 Y90.1035 Z-1.0000 S24000
G1 F1000 X61.0953 Y90.0531 Z-1.0000 S24000
G1 F1000 X61.2780 Y90.0020 Z-1.0000 S24000
G1 F1000 X61.4623 Y89.9495 Z-1.0000 S24000
G1 F1000 X61.6446 Y89.8966 Z-1.0000 S24000
G1 F1000 X61.8272 Y89.8428 Z-1.0000 S24000
G1 F1000 X62.0089 Y89.7883 Z-1.0000 S24000
G1 F1000 X62.1919 Y89.7326 Z-1.0000 S24000
G1 F1000 X62.3737 Y89.6762 Z-1.0000 S24000
G1 F1000 X62.5548 Y89.6191 Z-1.0000 S24000
G1 F1000 X62.7362 Y89.5610 Z-1.0000 S24000
G1 F1000 X62.9168 Y89.5023 Z-1.0000 S24000
G1 F1000 X63.0986 Y89.4423 Z-1.0000 S24000
G1 F1000 X63.2784 Y89.3819 Z-1.0000 S24000
G1 F1000 X63.4582 Y89.3207 Z-1.0000 S24000
G1 F1000 X63.6386 Y89.2584 Z-1.0000 S24000
G1 F1000 X63.8180 Y89.1954 Z-1.0000 S24000
G1 F1000 X63.9978 Y89.1314 Z-1.0000 S24000
G1 F1000 X64.1769 Y89.0666 Z-1.0000 S24000
G1 F1000 X64.3553 Y89.0012 Z-1.0000 S24000
G1 F1000 X64.5339 Y88.9348 Z-1.0000 S24000
G1 F1000 X64.7116 Y88.8677 Z-1.0000 S24000
G1 F1000 X64.8891 Y88.7999 Z-1.0000 S24000
G1 F1000 X65.0675 Y88.7308 Z-1.0000 S24000
G1 F1000 X65.2443 Y88.6613 Z-1.0000 S24000
G1 F1000 X65.4205 Y88.5911 Z-1.0000 S24000
G1 F1000 X65.5985 Y88.5193 Z-1.0000 S24000
G1 F1000 X65.7733 Y88.4477 Z-1.0000 S24000
G1 F1000 X65.9495 Y88.3747 Z-1.0000 S24000
G1 F1000 X66.1247 Y88.3012 Z-1.0000 S24000
G1 F1000 X66.3004 Y88.2265 Z-1.0000 S24000
G1 F1000 X66.4753 Y88.1512 Z-1.0000 S24000
G1 F1000 X66.6494 Y88.0752 Z-1.0000 S24000
G1 F1000 X66.8236 Y87.9983 Z-1.0000 S24000
G1 F1000 X66.9974 Y87.9205 Z-1.0000 S24000
G1 F1000 X67.1709 Y87.8420 Z-1.0000 S24000
G1 F1000 X67.3436 Y87.7629 Z-1.0000 S24000
G1 F1000 X67.5167 Y87.6826 Z-1.0000 S24000
G1 F1000 X67.6887 Y87.6018 Z-1.0000 S24000
G1 F1000 X67.8607 Y87.5201 Z-1.0000 S24000
G1 F1000 X68.0326 Y87.4375 Z-1.0000 S24000
G1 F1000 X68.2028 Y87.3546 Z-1.0000 S24000
G1 F1000 X68.3747 Y87.2701 Z-1.0000 S24000
G1 F1000 X68.5444 Y87.1856 Z-1.0000 S24000
G1 F1000 X68.7137 Y87.1003 Z-1.0000 S24000
G1 F1000 X68.8846 Y87.0134 Z-1.0000 S24000
G1 F1000 X69.0533 Y86.9264 Z-1.0000 S24000
G1 F1000 X69.2223 Y86.8384 Z-1.0000 S24000
G1 F1000 X69.3900 Y86.7500 Z-1.0000 S24000
G1 F1000 X69.5581 Y86.6605 Z-1.0000 S24000
G1 F1000 X69.7263 Y86.5700 Z-1.0000 S24000
G1 F1000 X69.8930 Y86.4792 Z-1.0000 S24000
G1 F1000 X70.0601 Y86.3872 Z-1.0000 S24000
G1 F1000 X70.2257 Y86.2950 Z-1.0000 S24000
G1 F1000 X70.3914 Y86.2019 Z-1.0000 S24000
G1 F1000 X70.5581 Y86.1072 Z-1.0000 S24000
G1 F1000 X70.7223 Y86.0127 Z-1.0000 S24000
G1 F1000 X70.8867 Y85.9173 Z-1.0000 S24000
G1 F1000 X71.0506 Y85.8211 Z-1.0000 S24000
G1 F1000 X71.2155 Y85.7234 Z-1.0000 S24000
G1 F1000 X71.3776 Y85.6262 Z-1.0000 S24000
G1 F1000 X71.5404 Y85.5277 Z-1.0000 S24000
G1 F1000 X71.7031 Y85.4282 Z-1.0000 S24000
G1 F1000 X71.8648 Y85.3283 Z-1.0000 S24000
G1 F1000 X72.0270 Y85.2271 Z-1.0000 S24000
G1 F1000 X72.1871 Y85.1260 Z-1.0000 S24000
G1 F1000 X72.3477 Y85.0237 Z-1.0000 S24000
G1 F1000 X72.5075 Y84.9209 Z-1.0000 S24000
G1 F1000 X72.6679 Y84.8168 Z-1.0000 S24000
G1 F1000 X72.8265 Y84.7125 Z-1.0000 S24000
G1 F1000 X72.9848 Y84.6076 Z-1.0000 S24000
G1 F1000 X73.1427 Y84.5019 Z-1.0000 S24000
G1 F1000 X73.3009 Y84.3949 Z-1.0000 S24000
G1 F1000 X73.4578 Y84.2878 Z-1.0000 S24000
G1 F1000 X73.6146 Y84.1796 Z-1.0000 S24000
G1 F1000 X73.7704 Y84.0712 Z-1.0000 S24000
G1 F1000 X73.9263 Y83.9615 Z-1.0000 S24000
G1 F1000 X74.0811 Y83.8516 Z-1.0000 S24000
G1 F1000 X74.2364 Y83.7404 Z-1.0000 S24000
G1 F1000 X74.3896 Y83.6294 Z-1.0000 S24000
G1 F1000 X74.5440 Y83.5167 Z-1.0000 S24000
G1 F1000 X74.6968 Y83.4039 Z-1.0000 S24000
G1 F1000 X74.8495 Y83.2902 Z-1.0000 S24000
G1 F1000 X75.0012 Y83.1761 Z-1.0000 S24000
G1 F1000 X75.1530 Y83.0610 Z-1.0000 S24000
G1 F1000 X75.3042 Y82.9451 Z-1.0000 S24000
G1 F1000 X75.4543 Y82.8290 Z-1.0000 S24000
G1 F1000 X75.6045 Y82.7118 Z-1.0000 S24000
G1 F1000 X75.7540 Y82.5939 Z-1.0000 S24000
G1 F1000 X75.9030 Y82.4754 Z-1.0000 S24000
G1 F1000 X76.0510 Y82.3565 Z-1.0000 S24000
G1 F1000 X76.1990 Y82.2366 Z-1.0000 S24000
G1 F1000 X76.3459 Y82.1164 Z-1.0000 S24000
G1 F1000 X76.4928 Y81.9952 Z-1.0000 S24000
G1 F1000 X76.6391 Y81.8734 Z-1.0000 S24000
G1 F1000 X76.7853 Y81.7504 Z-1.0000 S24000
G1 F1000 X76.9294 Y81.6279 Z-1.0000 S24000
G1 F1000 X77.0741 Y81.5041 Z-1.0000 S24000
G1 F1000 X77.2181 Y81.3796 Z-1.0000 S24000
G1 F1000 X77.3616 Y81.2544 Z-1.0000 S24000
G1 F1000 X77.5040 Y81.1289 Z-1.0000 S24000
G1 F1000 X77.6463 Y81.0025 Z-1.0000 S24000
G1 F1000 X77.7881 Y80.8754 Z-1.0000 S24000
G1 F1000 X77.9288 Y80.7480 Z-1.0000 S24000
G1 F1000 X78.0699 Y80.6192 Z-1.0000 S24000
G1 F1000 X78.2094 Y80.4906 Z-1.0000 S24000
G1 F1000 X78.3484 Y80.3614 Z-1.0000 S24000
G1 F1000 X78.4877 Y80.2307 Z-1.0000 S24000
G1 F1000 X78.6254 Y80.1001 Z-1.0000 S24000
G1 F1000 X78.7631 Y79.9686 Z-1.0000 S24000
G1 F1000 X78.9001 Y79.8364 Z-1.0000 S24000
G1 F1000 X79.0365 Y79.7037 Z-1.0000 S24000
G1 F1000 X79.1719 Y79.5706 Z-1.0000 S24000
G1 F1000 X79.3071 Y79.4366 Z-1.0000 S24000
G1 F1000 X79.4413 Y79.3025 Z-1.0000 S24000
G1 F1000 X79.5758 Y79.1668 Z-1.0000 S24000
G1 F1000 X79.7087 Y79.0314 Z-1.0000 S24000
G1 F1000 X79.8415 Y78.8949 Z-1.0000 S24000
G1 F1000 X79.9736 Y78.7579 Z-1.0000 S24000
G1 F1000 X80.1052 Y78.6201 Z-1.0000 S24000
G1 F1000 X80.2352 Y78.4828 Z-1.0000 S24000
G1 F1000 X80.3664 Y78.3431 Z-1.0000 S24000
G1 F1000 X80.4956 Y78.2040 Z-1.0000 S24000
G1 F1000 X80.6241 Y78.0644 Z-1.0000 S24000
G1 F1000 X80.7525 Y77.9239 Z-1.0000 S24000
G1 F1000 X80.8802 Y77.7827 Z-1.0000 S24000
G1 F1000 X81.0069 Y77.6414 Z-1.0000 S24000
G1 F1000 X81.1338 Y77.4986 Z-1.0000 S24000
G1 F1000 X81.2592 Y77.3561 Z-1.0000 S24000
G1 F1000 X81.3843 Y77.2127 Z-1.0000 S24000
G1 F1000 X81.5084 Y77.0690 Z-1.0000 S24000
G1 F1000 X81.6327 Y76.9239 Z-1.0000 S24000
G1 F1000 X81.7555 Y76.7792 Z-1.0000 S24000
G1 F1000 X81.8776 Y76.6339 Z-1.0000 S24000
G1 F1000 X81.9996 Y76.4875 Z-1.0000 S24000
G1 F1000 X82.1211 Y76.3403 Z-1.0000 S24000
G1 F1000 X82.2408 Y76.1938 Z-1.0000 S24000
G1 F1000 X82.3612 Y76.0453 Z-1.0000 S24000
G1 F1000 X82.4798 Y75.8974 Z-1.0000 S24000
G1 F1000 X82.5985 Y75.7483 Z-1.0000 S24000
G1 F1000 X82.7160 Y75.5990 Z-1.0000 S24000
G1 F1000 X82.8335 Y75.4485 Z-1.0000 S24000
G1 F1000 X82.9496 Y75.2984 Z-1.0000 S24000
G1 F1000 X83.0650 Y75.1477 Z-1.0000 S24000
G1 F1000 X83.1802 Y74.9959 Z-1.0000 S24000
G1 F1000 X83.2946 Y74.8437 Z-1.0000 S24000
G1 F1000 X83.4084 Y74.6909 Z-1.0000 S24000
G1 F1000 X83.5210 Y74.5381 Z-1.0000 S24000
G1 F1000 X83.6334 Y74.3843 Z-1.0000 S24000
G1 F1000 X83.7450 Y74.2299 Z-1.0000 S24000
G1 F1000 X83.8557 Y74.0755 Z-1.0000 S24000
G1 F1000 X83.9654 Y73.9207 Z-1.0000 S24000
G1 F1000 X84.0750 Y73.7649 Z-1.0000 S24000
G1 F1000 X84.1839 Y73.6086 Z-1.0000 S24000
G1 F1000 X84.2920 Y73.4517 Z-1.0000 S24000
G1 F1000 X84.3991 Y73.2948 Z-1.0000 S24000
G1 F1000 X84.5058 Y73.1370 Z-1.0000 S24000
G1 F1000 X84.6117 Y72.9787 Z-1.0000 S24000
G1 F1000 X84.7167 Y72.8203 Z-1.0000 S24000
G1 F1000 X84.8207 Y72.6616 Z-1.0000 S24000
G1 F1000 X84.9247 Y72.5016 Z-1.0000 S24000
G1 F1000 X85.0275 Y72.3419 Z-1.0000 S24000
G1 F1000 X85.1300 Y72.1809 Z-1.0000 S24000
G1 F1000 X85.2309 Y72.0207 Z-1.0000 S24000
G1 F1000 X85.3322 Y71.8586 Z-1.0000 S24000
G1 F1000 X85.4320 Y71.6969 Z-1.0000 S24000
G1 F1000 X85.5311 Y71.5347 Z-1.0000 S24000
G1 F1000 X85.6299 Y71.3715 Z-1.0000 S24000
G1 F1000 X85.7271 Y71.2091 Z-1.0000 S24000
G1 F1000 X85.8247 Y71.0447 Z-1.0000 S24000
G1 F1000 X85.9208 Y70.8807 Z-1.0000 S24000
G1 F1000 X86.0166 Y70.7157 Z-1.0000 S24000
G1 F1000 X86.1108 Y70.5516 Z-1.0000 S24000
G1 F1000 X86.2053 Y70.3854 Z-1.0000 S24000
G1 F1000 X86.2982 Y70.2201 Z-1.0000 S24000
G1 F1000 X86.3910 Y70.0534 Z-1.0000 S24000
G1 F1000 X86.4827 Y69.8866 Z-1.0000 S24000
G1 F1000 X86.5735 Y69.7196 Z-1.0000 S24000
G1 F1000 X86.6638 Y69.5520 Z-1.0000 S24000
G1 F1000 X86.7533 Y69.3839 Z-1.0000 S24000
G1 F1000 X86.8416 Y69.2161 Z-1.0000 S24000
G1 F1000 X86.9302 Y69.0462 Z-1.0000 S24000
G1 F1000 X87.0167 Y68.8780 Z-1.0000 S24000
G1 F1000 X87.1033 Y68.7080 Z-1.0000 S24000
G1 F1000 X87.1889 Y68.5379 Z-1.0000 S24000
G1 F1000 X87.2735 Y68.3678 Z-1.0000 S24000
G1 F1000 X87.3575 Y68.1970 Z-1.0000 S24000
G1 F1000 X87.4408 Y68.0257 Z-1.0000 S24000
G1 F1000 X87.5232 Y67.8543 Z-1.0000 S24000
G1 F1000 X87.6051 Y67.6818 Z-1.0000 S24000
G1 F1000 X87.6854 Y67.5105 Z-1.0000 S24000
G1 F1000 X87.7660 Y67.3370 Z-1.0000 S24000
G1 F1000 X87.8452 Y67.1638 Z-1.0000 S24000
G1 F1000 X87.9232 Y66.9915 Z-1.0000 S24000
G1 F1000 X88.0014 Y66.8166 Z-1.0000 S24000
G1 F1000 X88.0782 Y66.6426 Z-1.0000 S24000
G1 F1000 X88.1540 Y66.4686 Z-1.0000 S24000
G1 F1000 X88.2292 Y66.2941 Z-1.0000 S24000
G1 F1000 X88.3039 Y66.1183 Z-1.0000 S24000
G1 F1000 X88.3777 Y65.9425 Z-1.0000 S24000
G1 F1000 X88.4503 Y65.7670 Z-1.0000 S24000
G1 F1000 X88.5222 Y65.5912 Z-1.0000 S24000
G1 F1000 X88.5937 Y65.4141 Z-1.0000 S24000
G1 F1000 X88.6641 Y65.2372 Z-1.0000 S24000
G1 F1000 X88.7333 Y65.0609 Z-1.0000 S24000
G1 F1000 X88.8024 Y64.8826 Z-1.0000 S24000
G1 F1000 X88.8702 Y64.7053 Z-1.0000 S24000
G1 F1000 X88.9375 Y64.5267 Z-1.0000 S24000
G1 F1000 X89.0038 Y64.3482 Z-1.0000 S24000
G1 F1000 X89.0691 Y64.1700 Z-1.0000 S24000
G1 F1000 X89.1339 Y63.9906 Z-1.0000 S24000
G1 F1000 X89.1977 Y63.8114 Z-1.0000 S24000
G1 F1000 X89.2606 Y63.6320 Z-1.0000 S24000
G1 F1000 X89.3229 Y63.4518 Z-1.0000 S24000
G1 F1000 X89.3843 Y63.2715 Z-1.0000 S24000
G1 F1000 X89.4446 Y63.0914 Z-1.0000 S24000
G1 F1000 X89.5044 Y62.9104 Z-1.0000 S24000
G1 F1000 X89.5633 Y62.7293 Z-1.0000 S24000
G1 F1000 X89.6212 Y62.5483 Z-1.0000 S24000
G1 F1000 X89.6786 Y62.3660 Z-1.0000 S24000
G1 F1000 X89.7347 Y62.1849 Z-1.0000 S24000
G1 F1000 X89.7902 Y62.0027 Z-1.0000 S24000
G1 F1000 X89.8450 Y61.8199 Z-1.0000 S24000
G1 F1000 X89.8988 Y61.6373 Z-1.0000 S24000
G1 F1000 X89.9515 Y61.4552 Z-1.0000 S24000
G1 F1000 X90.0038 Y61.2716 Z-1.0000 S24000
G1 F1000 X90.0550 Y61.0886 Z-1.0000 S24000
G1 F1000 X90.1055 Y60.9048 Z-1.0000 S24000
G1 F1000 X90.1553 Y60.7203 Z-1.0000 S24000
G1 F1000 X90.2038 Y60.5368 Z-1.0000 S24000
G1 F1000 X90.2514 Y60.3533 Z-1.0000 S24000
G1 F1000 X90.2988 Y60.1679 Z-1.0000 S24000
G1 F1000 X90.3447 Y59.9839 Z-1.0000 S24000
G1 F1000 X90.3903 Y59.7983 Z-1.0000 S24000
G1 F1000 X90.4345 Y59.6139 Z-1.0000 S24000
G1 F1000 X90.4782 Y59.4282 Z-1.0000 S24000
G1 F1000 X90.5211 Y59.2421 Z-1.0000 S24000
G1 F1000 X90.5627 Y59.0574 Z-1.0000 S24000
G1 F1000 X90.6038 Y58.8714 Z-1.0000 S24000
G1 F1000 X90.6440 Y58.6852 Z-1.0000 S24000
G1 F1000 X90.6833 Y58.4991 Z-1.0000 S24000
G1 F1000 X90.7219 Y58.3119 Z-1.0000 S24000
G1 F1000 X90.7592 Y58.1264 Z-1.0000 S24000
G1 F1000 X90.7963 Y57.9383 Z-1.0000 S24000
G1 F1000 X90.8319 Y57.7524 Z-1.0000 S24000
G1 F1000 X90.8669 Y57.5653 Z-1.0000 S24000
G1 F1000 X90.9011 Y57.3777 Z-1.0000 S24000
G1 F1000 X90.9344 Y57.1906 Z-1.0000 S24000
G1 F1000 X90.9669 Y57.0023 Z-1.0000 S24000
G1 F1000 X90.9983 Y56.8149 Z-1.0000 S24000
G1 F1000 X91.0289 Y56.6274 Z-1.0000 S24000
G1 F1000 X91.0587 Y56.4397 Z-1.0000 S24000
G1 F1000 X91.0879 Y56.2508 Z-1.0000 S24000
G1 F1000 X91.1158 Y56.0630 Z-1.0000 S24000
G1 F1000 X91.1431 Y55.8741 Z-1.0000 S24000
G1 F1000 X91.1693 Y55.6866 Z-1.0000 S24000
G1 F1000 X91.1949 Y55.4974 Z-1.0000 S24000
G1 F1000 X91.2196 Y55.3083 Z-1.0000 S24000
G1 F1000 X91.2433 Y55.1197 Z-1.0000 S24000
G1 F1000 X91.2661 Y54.9309 Z-1.0000 S24000
G1 F1000 X91.2881 Y54.7423 Z-1.0000 S24000
G1 F1000 X91.3094 Y54.5527 Z-1.0000 S24000
G1 F1000 X91.3296 Y54.3637 Z-1.0000 S24000
G1 F1000 X91.3491 Y54.1738 Z-1.0000 S24000
G1 F1000 X91.3674 Y53.9856 Z-1.0000 S24000
G1 F1000 X91.3853 Y53.7948 Z-1.0000 S24000
G1 F1000 X91.4020 Y53.6062 Z-1.0000 S24000
G1 F1000 X91.4180 Y53.4161 Z-1.0000 S24000
G1 F1000 X91.4330 Y53.2268 Z-1.0000 S24000
G1 F1000 X91.4473 Y53.0373 Z-1.0000 S24000
G1 F1000 X91.4607 Y52.8468 Z-1.0000 S24000
G1 F1000 X91.4731 Y52.6573 Z-1.0000 S24000
G1 F1000 X91.4848 Y52.4669 Z-1.0000 S24000
G1 F1000 X91.4954 Y52.2780 Z-1.0000 S24000
G1 F1000 X91.5054 Y52.0865 Z-1.0000 S24000
G1 F1000 X91.5143 Y51.8977 Z-1.0000 S24000
G1 F1000 X91.5225 Y51.7071 Z-1.0000 S24000
G1 F1000 X91.5298 Y51.5172 Z-1.0000 S24000
G1 F1000 X91.5362 Y51.3273 Z-1.0000 S24000
G1 F1000 X91.5418 Y51.1375 Z-1.0000 S24000
G1 F1000 X91.5466 Y50.9468 Z-1.0000 S24000
G1 F1000 X91.5504 Y50.7567 Z-1.0000 S24000
G1 F1000 X91.5534 Y50.5660 Z-1.0000 S24000
G1 F1000 X91.5555 Y50.3770 Z-1.0000 S24000
G1 F1000 X91.5565 Y50.2321 Z-1.0000 S24000
G1 F1000 X98.1983 Y45.4695 Z-1.0000 S24000
G1 F1000 X98.2036 Y45.5252 Z-1.0000 S24000
G1 F1000 X98.2192 Y45.6977 Z-1.0000 S24000
G1 F1000 X98.2348 Y45.8762 Z-1.0000 S24000
G1 F1000 X98.2497 Y46.0548 Z-1.0000 S24000
G1 F1000 X98.2640 Y46.2342 Z-1.0000 S24000
G1 F1000 X98.2781 Y46.4189 Z-1.0000 S24000
G1 F1000 X98.2907 Y46.5917 Z-1.0000 S24000
G1 F1000 X98.2906 Y46.5917 Z-1.0000 S24000
G1 F1000 X98.3029 Y46.7706 Z-1.0000 S24000
G1 F1000 X98.3149 Y46.9554 Z-1.0000 S24000
G1 F1000 X98.3150 Y46.9554 Z-1.0000 S24000
G1 F1000 X98.3255 Y47.1283 Z-1.0000 S24000
G1 F1000 X98.3358 Y47.3080 Z-1.0000 S24000
G1 F1000 X98.3455 Y47.4870 Z-1.0000 S24000
G1 F1000 X98.3545 Y47.6660 Z-1.0000 S24000
G1 F1000 X98.3628 Y47.8450 Z-1.0000 S24000
G1 F1000 X98.3707 Y48.0301 Z-1.0000 S24000
G1 F1000 X98.3775 Y48.2041 Z-1.0000 S24000
G1 F1000 X98.3839 Y48.3823 Z-1.0000 S24000
G1 F1000 X98.3895 Y48.5623 Z-1.0000 S24000
G1 F1000 X98.3947 Y48.7475 Z-1.0000 S24000
G1 F1000 X98.3989 Y48.9197 Z-1.0000 S24000
G1 F1000 X98.4025 Y49.0998 Z-1.0000 S24000
G1 F1000 X98.4055 Y49.2798 Z-1.0000 S24000
G1 F1000 X98.4080 Y49.4650 Z-1.0000 S24000
G1 F1000 X98.4081 Y49.4650 Z-1.0000 S24000
G1 F1000 X98.4096 Y49.6375 Z-1.0000 S24000
G1 F1000 X98.4106 Y49.8175 Z-1.0000 S24000
G1 F1000 X98.4110 Y49.9958 Z-1.0000 S24000
G1 F1000 X98.4106 Y50.1740 Z-1.0000 S24000
G1 F1000 X98.4096 Y50.3572 Z-1.0000 S24000
G1 F1000 X98.4097 Y50.3572 Z-1.0000 S24000
G1 F1000 X98.4082 Y50.5290 Z-1.0000 S24000
G1 F1000 X98.4081 Y50.5290 Z-1.0000 S24000
G1 F1000 X98.4059 Y50.7058 Z-1.0000 S24000
G1 F1000 X98.4030 Y50.8837 Z-1.0000 S24000
G1 F1000 X98.3995 Y51.0609 Z-1.0000 S24000
G1 F1000 X98.3952 Y51.2439 Z-1.0000 S24000
G1 F1000 X98.3953 Y51.2439 Z-1.0000 S24000
G1 F1000 X98.3907 Y51.4156 Z-1.0000 S24000
G1 F1000 X98.3906 Y51.4156 Z-1.0000 S24000
G1 F1000 X98.3852 Y51.5932 Z-1.0000 S24000
G1 F1000 X98.3790 Y51.7765 Z-1.0000 S24000
G1 F1000 X98.3725 Y51.9482 Z-1.0000 S24000
G1 F1000 X98.3724 Y51.9482 Z-1.0000 S24000
G1 F1000 X98.3652 Y52.1241 Z-1.0000 S24000
G1 F1000 X98.3569 Y52.3069 Z-1.0000 S24000
G1 F1000 X98.3485 Y52.4795 Z-1.0000 S24000
G1 F1000 X98.3390 Y52.6625 Z-1.0000 S24000
G1 F1000 X98.3291 Y52.8383 Z-1.0000 S24000
G1 F1000 X98.3190 Y53.0096 Z-1.0000 S24000
G1 F1000 X98.3077 Y53.1871 Z-1.0000 S24000
G1 F1000 X98.2959 Y53.3639 Z-1.0000 S24000
G1 F1000 X98.2834 Y53.5414 Z-1.0000 S24000
G1 F1000 X98.2704 Y53.7178 Z-1.0000 S24000
G1 F1000 X98.2567 Y53.8942 Z-1.0000 S24000
G1 F1000 X98.2422 Y54.0716 Z-1.0000 S24000
G1 F1000 X98.2272 Y54.2481 Z-1.0000 S24000
G1 F1000 X98.2116 Y54.4243 Z-1.0000 S24000
G1 F1000 X98.1952 Y54.6012 Z-1.0000 S24000
G1 F1000 X98.1782 Y54.7776 Z-1.0000 S24000
G1 F1000 X98.1600 Y54.9600 Z-1.0000 S24000
G1 F1000 X98.1601 Y54.9600 Z-1.0000 S24000
G1 F1000 X98.1423 Y55.1307 Z-1.0000 S24000
G1 F1000 X98.1234 Y55.3073 Z-1.0000 S24000
G1 F1000 X98.1034 Y55.4883 Z-1.0000 S24000
G1 F1000 X98.0838 Y55.6594 Z-1.0000 S24000
G1 F1000 X98.0630 Y55.8351 Z-1.0000 S24000
G1 F1000 X98.0408 Y56.0168 Z-1.0000 S24000
G1 F1000 X98.0195 Y56.1871 Z-1.0000 S24000
G1 F1000 X98.0194 Y56.1871 Z-1.0000 S24000
G1 F1000 X97.9967 Y56.3627 Z-1.0000 S24000
G1 F1000 X97.9733 Y56.5382 Z-1.0000 S24000
G1 F1000 X97.9484 Y56.7197 Z-1.0000 S24000
G1 F1000 X97.9245 Y56.8901 Z-1.0000 S24000
G1 F1000 X97.8992 Y57.0656 Z-1.0000 S24000
G1 F1000 X97.8734 Y57.2398 Z-1.0000 S24000
G1 F1000 X97.8465 Y57.4164 Z-1.0000 S24000
G1 F1000 X97.8194 Y57.5911 Z-1.0000 S24000
G1 F1000 X97.7915 Y57.7659 Z-1.0000 S24000
G1 F1000 X97.7630 Y57.9407 Z-1.0000 S24000
G1 F1000 X97.7337 Y58.1162 Z-1.0000 S24000
G1 F1000 X97.7039 Y58.2912 Z-1.0000 S24000
G1 F1000 X97.6727 Y58.4705 Z-1.0000 S24000
G1 F1000 X97.6424 Y58.6400 Z-1.0000 S24000
G1 F1000 X97.6423 Y58.6400 Z-1.0000 S24000
G1 F1000 X97.6107 Y58.8139 Z-1.0000 S24000
G1 F1000 X97.5772 Y58.9939 Z-1.0000 S24000
G1 F1000 X97.5451 Y59.1632 Z-1.0000 S24000
G1 F1000 X97.5117 Y59.3362 Z-1.0000 S24000
G1 F1000 X97.4772 Y59.5108 Z-1.0000 S24000
G1 F1000 X97.4422 Y59.6850 Z-1.0000 S24000
G1 F1000 X97.4067 Y59.8581 Z-1.0000 S24000
G1 F1000 X97.3705 Y60.0314 Z-1.0000 S24000
G1 F1000 X97.3324 Y60.2105 Z-1.0000 S24000
G1 F1000 X97.3325 Y60.2105 Z-1.0000 S24000
G1 F1000 X97.2964 Y60.3775 Z-1.0000 S24000
G1 F1000 X97.2963 Y60.3775 Z-1.0000 S24000
G1 F1000 X97.2579 Y60.5516 Z-1.0000 S24000
G1 F1000 X97.2184 Y60.7280 Z-1.0000 S24000
G1 F1000 X97.1799 Y60.8969 Z-1.0000 S24000
G1 F1000 X97.1798 Y60.8969 Z-1.0000 S24000
G1 F1000 X97.1384 Y61.0754 Z-1.0000 S24000
G1 F1000 X97.1385 Y61.0754 Z-1.0000 S24000
G1 F1000 X97.0991 Y61.2421 Z-1.0000 S24000
G1 F1000 X97.0577 Y61.4148 Z-1.0000 S24000
G1 F1000 X97.0158 Y61.5868 Z-1.0000 S24000
G1 F1000 X96.9733 Y61.7585 Z-1.0000 S24000
G1 F1000 X96.9286 Y61.9361 Z-1.0000 S24000
G1 F1000 X96.8863 Y62.1021 Z-1.0000 S24000
G1 F1000 X96.8862 Y62.1021 Z-1.0000 S24000
G1 F1000 X96.8416 Y62.2740 Z-1.0000 S24000
G1 F1000 X96.7965 Y62.4454 Z-1.0000 S24000
G1 F1000 X96.7507 Y62.6168 Z-1.0000 S24000
G1 F1000 X96.7028 Y62.7935 Z-1.0000 S24000
G1 F1000 X96.6574 Y62.9585 Z-1.0000 S24000
G1 F1000 X96.6097 Y63.1293 Z-1.0000 S24000
G1 F1000 X96.5615 Y63.2995 Z-1.0000 S24000
G1 F1000 X96.5109 Y63.4756 Z-1.0000 S24000
G1 F1000 X96.5110 Y63.4756 Z-1.0000 S24000
G1 F1000 X96.4631 Y63.6403 Z-1.0000 S24000
G1 F1000 X96.4630 Y63.6403 Z-1.0000 S24000
G1 F1000 X96.4129 Y63.8102 Z-1.0000 S24000
G1 F1000 X96.3622 Y63.9797 Z-1.0000 S24000
G1 F1000 X96.3104 Y64.1503 Z-1.0000 S24000
G1 F1000 X96.2567 Y64.3253 Z-1.0000 S24000
G1 F1000 X96.2060 Y64.4882 Z-1.0000 S24000
G1 F1000 X96.1509 Y64.6629 Z-1.0000 S24000
G1 F1000 X96.0989 Y64.8259 Z-1.0000 S24000
G1 F1000 X96.0443 Y64.9946 Z-1.0000 S24000
G1 F1000 X95.9889 Y65.1636 Z-1.0000 S24000
G1 F1000 X95.9333 Y65.3314 Z-1.0000 S24000
G1 F1000 X95.8750 Y65.5050 Z-1.0000 S24000
G1 F1000 X95.8200 Y65.6670 Z-1.0000 S24000
G1 F1000 X95.7620 Y65.8354 Z-1.0000 S24000
G1 F1000 X95.7041 Y66.0020 Z-1.0000 S24000
G1 F1000 X95.6451 Y66.1694 Z-1.0000 S24000
G1 F1000 X95.5854 Y66.3367 Z-1.0000 S24000
G1 F1000 X95.5254 Y66.5033 Z-1.0000 S24000
G1 F1000 X95.4627 Y66.6752 Z-1.0000 S24000
; retract
G0 Z5

M5 S0
M9
